"Time_start","flux.CH4","R2.CH4","p.CH4","fDOY_end","PIECETAG","decay_class","SPCODE_all","species","bag_tare","fresh_mass","dry_mass","new_bag_tare","moisture_content_g","moisture_percentage_g","measure_day","resp_start","resp_t0","resp_t1","resp_t2","resp_t3","resp_t4","samp_distance_m","fruiting_bods","ground_cont","termite","notes","avg_respT","PIECETAG_DC"
212.470648148148,-0.00216359039225636,0.0337052306161574,0.00681836667659688,212.473078703704,"40808A",2,"COFL2","COFL2",5.73,25.13,20.22,NA,4.91,0.25,"8/1/2022","12:17:14",27.5,27.8,27.9,28,28.2,"1.35","0","","0","",27.88,"40808A-2"
212.474189814815,-0.00193591081975527,0.03068848827142,0.00988950787823591,212.47662037037,"40808A",3,"COFL2","COFL2",NA,27.53,10.41,NA,17.12,0.62,"8/1/2022","12:22:20",27.3,27.1,27.1,27.4,27.6,"1.35","0","","0","",27.3,"40808A-3"
212.477476851852,-0.000215002338165121,0.000392452573297854,0.772205312799843,212.479907407407,"40391A",3,"ACRU","ACRU",5.73,32.13,9.72,NA,22.41,0.85,"8/1/2022","12:27:04",28.1,28.2,28.4,28.6,28.8,"","0","","0","",28.42,"40391A-3"
212.480740740741,-0.000368234994667963,0.00113354101811309,0.622658288783926,212.483171296296,"41871A",3,"ACRU","ACRU",6.99,27.64,22.04,NA,5.6,0.27,"8/1/2022","12:31:46",27,28.9,29.2,29.4,29.6,"3.87 (3 to 4), 1.97 (4 to 5)","0","","0","",28.82,"41871A-3"
212.483969907407,0.000802362983289909,0.00583419503178283,0.263695155238121,212.486400462963,"41871A",4,"ACRU","ACRU",6.98,22.63,11.62,NA,11.01,0.7,"8/1/2022","12:36:25",28.7,29.1,29.5,29.6,29.7,"3.87 (3 to 4), 1.97 (4 to 5)","0","","0","",29.32,"41871A-4"
212.486990740741,0.000759826523556675,0.00482186774828626,0.309698165011952,212.489421296296,"41871A",5,"ACRU","ACRU",7,25.47,10.62,NA,14.85,0.8,"8/1/2022","12:40:46",29.4,29.3,29.4,29.8,30,"3.87 (3 to 4), 1.97 (4 to 5)","0","","0","",29.58,"41871A-5"
212.490162037037,0.00306175675922394,0.0762908730048677,3.85139463135441e-05,212.492592592593,"40983A",2,"CATO6","CATO6",5.72,39.28,14.22,NA,25.06,0.75,"8/1/2022","12:45:20",28.1,28.5,28.6,28.7,28.7,"","1","","0","",28.52,"40983A-2"
212.493518518519,0.0107512582293693,0.495818380868018,1.15705278275529e-33,212.495949074074,"41135A",4,"LITU","LITU",7.02,36.69,13.09,NA,23.6,0.8,"8/1/2022","12:50:10",27.1,28.1,28.3,28.2,28.5,"2.6","0","","0","",28.04,"41135A-4"
212.496666666667,0.000474964518530102,0.00168699468880923,0.549178892873651,212.499097222222,"41135A",5,"LITU","LITU",7.01,31.03,12.75,NA,18.28,0.76,"8/1/2022","12:54:42",28.3,28.9,29,29.3,29.5,"2.6","0","","0","",29,"41135A-5"
212.499953703704,-0.00147637264716471,0.0164434498024213,0.0599097274851543,212.502384259259,"41308B",4,"ACRU","ACRU",7,25.5,9.12,NA,16.38,0.89,"8/1/2022","12:59:26",29.5,29.5,29.7,29.9,30.1,"","1","","0","",29.74,"41308B-4"
212.503020833333,0.00316581097168556,0.0598388763216966,0.0002838600244826,212.505451388889,"41133A",2,"QUAL","QUERCUS",6.94,33.05,16.01,NA,17.04,0.65,"8/1/2022","13:03:51",29,29,29.2,29.4,29.6,"","1","","0","",29.24,"41133A-2"
212.506180555556,0.00117810478741569,0.0129551649107119,0.0952092034886015,212.508611111111,"41922B",4,"LIST2","LIST2",6.99,22.25,8.9,NA,13.35,0.87,"8/1/2022","13:08:24",29.6,30.2,30.3,30.4,30.6,"1","0","","0","",30.22,"41922B-4"
212.509340277778,-0.00428544349072074,0.14926509736711,4.23095602529386e-09,212.511770833333,"41922B",5,"LIST2","LIST2",7.05,24.43,9.45,NA,14.98,0.86,"8/1/2022","13:12:57",29.8,30.2,30.4,30.6,30.6,"1","0","","0","",30.32,"41922B-5"
212.512569444444,-0.00775285319179026,0.312194520454681,3.92204560225123e-19,212.515,"40962B",5,"COFL2","COFL2",5.74,39.34,24.67,NA,14.67,0.44,"8/1/2022","13:17:36",29.4,29.6,29.8,30,30,"","0","","0","",29.76,"40962B-5"
212.515625,0.00247946141080999,0.0525389742660494,0.000687538191689122,212.518055555556,"41732A",4,"QUAL","QUERCUS",6.99,32.13,24.55,NA,7.58,0.3,"8/1/2022","13:22:00",29.9,30.6,30.8,30.9,31,"","0","","0","",30.64,"41732A-4"
212.518865740741,-0.000625842424118484,0.00356883985582485,0.382293770766178,212.521296296296,"41952B",3,"ACRU","ACRU",7,36.62,14.75,NA,21.87,0.74,"8/1/2022","13:26:40",30.1,29.9,30,29.9,30.2,"","0","","0","",30.02,"41952B-3"
212.522314814815,0.000370542542515741,0.00126817561168762,0.602709852592272,212.52474537037,"41901A",4,"QUAL","QUERCUS",7.01,39.88,13.76,NA,26.12,0.79,"8/1/2022","13:31:38",29,29,29.1,29,29.4,"","0","","0","",29.1,"41901A-4"
212.525416666667,0.000449287059525179,0.00162442841647279,0.555760199240728,212.527847222222,"41952A",4,"ACRU","ACRU",6.95,30.76,12.1,NA,18.66,0.78,"8/1/2022","13:36:06",29.3,30,30.3,30.4,30.5,"","0","","0","",30.1,"41952A-4"
213.514930555556,0.0117887253106716,0.711736788362772,1.0155520069613e-59,213.517361111111,"42835A",4,"CATO6","CATO6",3.98,31.79,13.21,NA,18.58,0.67,"8/2/2022","13:21:00",30.5,30.9,31,31.2,31.4,"","0","","0","",31,"42835A-4"
213.518171296296,-2.73600028913225e-05,1.2563925625092e-05,0.958694344916025,213.520601851852,"42706A",5,"LITU","LITU",3.85,28.98,16.32,7,19.66,0.78,"8/2/2022","13:25:40",31.4,30.9,31.5,31.6,32.1,"","0","","0","bag broke, new bag for drying",31.5,"42706A-5"
213.521643518519,-0.00203346957869153,0.073058078347449,5.707460490668e-05,213.524074074074,"43741A",3,"LIST2","LIST2",3.81,35.14,12.27,NA,22.87,0.73,"8/2/2022","13:30:40",29.1,30,31.4,31.8,31.9,"4","0","","0","",30.84,"43741A-3"
213.525,0.0749075995256747,0.987119775810401,2.79816758703599e-203,213.527430555556,"43741A",2,"LIST2","LIST2",3.9,40.85,23.19,NA,17.66,0.48,"8/2/2022","13:35:30",32,31.7,31.8,32.1,32.2,"4","0","","0","",31.96,"43741A-2"
213.528240740741,-0.0015818712242244,0.0351512845471841,0.00570894971563274,213.530671296296,"42528A",4,"CATO6","CATO6",3.93,29.09,8.86,NA,20.23,0.8,"8/2/2022","13:40:10",30.8,30.3,30.4,30.8,31.4,"2.5","1","","0","",30.74,"42528A-4"
213.531481481481,-0.0034891730776059,0.0987707643983525,2.45216328588011e-06,213.533912037037,"42528A",5,"CATO6","CATO6",3.78,23.64,13.03,4.07,14.68,0.74,"8/2/2022","13:44:50",31.2,32,32.4,32.7,32.8,"2.5","1","","0","bag broke, new bag for drying",32.22,"42528A-5"
213.534780092593,-0.0032786996130355,0.126534422805593,7.68243699572353e-08,213.537210648148,"41634A",5,"CATO6","CATO6",3.86,23.84,9.29,NA,14.55,0.73,"8/2/2022","13:49:35",31.7,31.7,31.9,31.9,32,"2.4","1","","0","",31.84,"41634A-5"
213.538368055556,-0.000956700323809458,0.0149987183370821,0.0724552893532469,213.540798611111,"41634A",4,"CATO6","CATO6",3.82,28.97,9.06,NA,19.91,0.79,"8/2/2022","13:54:45",31,32,32.1,32.3,32.4,"2.4","1","","0","",31.96,"41634A-4"
213.541550925926,-0.000991468462446556,0.0179657906277025,0.0491391101687677,213.543981481481,"161410A",4,"LITU","LITU",3.83,25.85,8.28,NA,17.57,0.8,"8/2/2022","13:59:20",32.4,32.5,32.5,32.1,32.7,"","0","","0","",32.44,"161410A-4"
213.544675925926,-0.000351988338209124,0.00214108629084022,0.498741453365195,213.547106481481,"81312A",2,"QUVE","QUERCUS",3.97,27.35,15.7,NA,11.65,0.5,"8/2/2022","14:03:50",32.3,31.9,32,32.2,32.3,"10.8","0","","0","",32.14,"81312A-2"
213.54775462963,-0.000500163069298902,0.00472912313877376,0.314408283563545,213.550185185185,"81312A",3,"QUVE","QUERCUS",3.81,31.93,17.9,NA,14.03,0.5,"8/2/2022","14:08:16",32.2,32.1,32.2,32.6,32.6,"10.8","0","","0","",32.34,"81312A-3"
213.550787037037,-0.00225391109154516,0.0936463746618633,4.60963402325526e-06,213.553217592593,"80528A",2,"LIST2","LIST2",3.92,25.53,19.21,NA,6.32,0.29,"8/2/2022","14:12:38",30.1,32,32.2,32.4,31.7,"3.8","0","","0","",31.68,"80528A-2"
213.553958333333,-0.00144030562034591,0.0338502649578266,0.00669788060303836,213.556388888889,"80528A",3,"LIST2","LIST2",3.9,38.14,16.36,NA,21.78,0.64,"8/2/2022","14:17:12",31.8,31.5,31.7,31.9,31.6,"3.8","0","","0","",31.7,"80528A-3"
213.556886574074,-0.000714518815874531,0.0109192084679,0.125759498897962,213.55931712963,"80891A",5,"QUVE","QUERCUS",3.91,33.93,9.84,NA,24.09,0.8,"8/2/2022","14:21:25",31.7,31.7,31.8,32.1,32.1,"1.2 (5 to 3), 3.7 (5 to 4)","0","","0","",31.88,"80891A-5"
213.559953703704,-0.00448439924763243,0.249737861648207,4.78005108010547e-15,213.562384259259,"80891A",4,"QUVE","QUERCUS",3.92,37.26,15.39,4.31,26.18,0.79,"8/2/2022","14:25:50",31.5,32,31.9,32.1,32.1,"1.2 (5 to 3), 3.7 (5 to 4)","0","","0","",31.92,"80891A-4"
213.562951388889,-0.0188276213901524,0.858821011184358,6.22790182497663e-93,213.565381944444,"80891A",3,"QUVE","QUERCUS",3.97,22.93,9.79,NA,13.14,0.69,"8/2/2022","14:30:09",32.1,32.3,32.3,32.5,32.7,"1.2 (5 to 3), 3.7 (5 to 4)","0","","0","",32.38,"80891A-3"
213.566111111111,-0.000791690355635783,0.0120440032808914,0.107742991145568,213.568541666667,"80339B",4,"LIST2","LIST2",3.9,32.4,7.42,NA,24.98,0.88,"8/2/2022","14:34:42",32.3,31.9,31.9,32.2,32.2,"9.1","0","","0","",32.1,"80339B-4"
213.568472222222,0.00116639282386309,0.01041906478532,0.134816233083762,213.570902777778,"80339B",5,"LIST2","LIST2",3.85,21.89,7.93,NA,13.96,0.77,"8/2/2022","14:38:06",32,31.6,31.9,32,32,"9.1","0","","0","",31.9,"80339B-5"
213.572199074074,-0.00456344219278343,0.257845230509058,1.47179787587582e-15,213.57462962963,"160517B",3,"QUVE","QUERCUS",3.79,15.21,9.75,3.98,9.44,0.83,"8/2/2022","14:43:28",31.6,31.9,31.9,31.9,32.3,"2.7","1","","0","",31.92,"160517B-3"
213.575219907407,-0.00133012455903474,0.0294313710124761,0.0115545181168611,213.577650462963,"160517B",2,"QUVE","QUERCUS",3.77,29.92,18.96,4.28,15.24,0.58,"8/2/2022","14:47:49",30.7,30.7,31.1,31.3,31.7,"2.7","1","","0","",31.1,"160517B-2"
213.578356481481,-0.00229885621286831,0.0739170149528907,5.1413603916497e-05,213.580787037037,"71313A",4,"QUAL","QUERCUS",4.04,25.09,8.23,NA,16.86,0.8,"8/2/2022","14:52:20",31.6,31.7,32,32.2,32.3,"3.9","1","","0","",31.96,"71313A-4"
213.581423611111,0.00229779874305203,0.0611469826614566,0.000242244019261391,213.583854166667,"71313A",5,"QUAL","QUERCUS",3.91,29.17,9.22,NA,19.95,0.79,"8/2/2022","14:56:45",32,32.2,32.2,32.4,32.6,"3.9","1","","0","",32.28,"71313A-5"
213.58443287037,-0.00407830698135611,0.194309735910501,1.10660646349018e-11,213.586863425926,"80360A",2,"CATO6","CATO6",3.84,23.13,17.22,NA,5.91,0.31,"8/2/2022","15:01:05",32.7,33.2,33.4,33.5,33.5,"2.3","1","","0","",33.26,"80360A-2"
213.587511574074,-0.00142985221300955,0.0396125592097482,0.00330773290769993,213.58994212963,"80360A",3,"CATO6","CATO6",3.94,28.86,8.53,NA,20.33,0.82,"8/2/2022","15:05:31",32.4,31.2,32,32.2,32.5,"2.3","1","","0","",32.06,"80360A-3"
213.590532407407,0.000843933986711015,0.012926562551854,0.095577677180795,213.592962962963,"70561A",2,"COFL2","COFL2",3.87,24.96,19.32,NA,5.64,0.27,"8/2/2022","15:09:52",32.3,33,33.2,33.4,33.6,"","0","","0","",33.1,"70561A-2"
213.593587962963,-0.000408523709894721,0.00237268838496479,0.476365421686526,213.596018518519,"80378A",2,"COFL2","COFL2",3.94,33.39,20.92,NA,12.47,0.42,"8/2/2022","15:14:16",30.7,30.5,30.9,31.1,31.3,"","0","n","0","",30.9,"80378A-2"
213.596643518519,-0.000847036521915119,0.0115044142433184,0.116005252470213,213.599074074074,"41017A",5,"CATO6","CATO6",3.86,30.9,7.66,NA,23.24,0.86,"8/2/2022","15:18:40",31.7,31.7,32.2,32.7,32.7,"","0","","0","",32.2,"41017A-5"
213.602951388889,-0.000181659340475247,0.000578755810582818,0.6180288424337,213.605381944444,"41481A",2,"QURU","QUERCUS",3.87,28.68,18.05,NA,10.63,0.43,"8/2/2022","15:27:45",30.9,31.6,NA,34,34,"1.5","0","n","0","",32.625,"41481A-2"
213.602951388889,-0.000181659340475247,0.000578755810582818,0.6180288424337,213.605381944444,"41481A",2,"QURU","QUERCUS",3.87,28.68,18.05,NA,10.63,0.43,"8/2/2022","15:27:45",30.9,31.6,NA,34,34,"1.5","0","n","0","",32.625,"41481A-2"
213.609108796296,-0.00253386446198404,0.101761621283701,1.12692333917311e-11,213.611539351852,"41481A",3,"QURU","QUERCUS",3.85,31.71,12.51,NA,19.2,0.69,"8/2/2022","15:36:37",32.7,32.8,33,33.1,33.2,"1.5","0","","0","",32.96,"41481A-3"
213.609108796296,-0.00253386446198404,0.101761621283701,1.12692333917311e-11,213.611539351852,"41481A",3,"QURU","QUERCUS",3.85,31.71,12.51,NA,19.2,0.69,"8/2/2022","15:36:37",32.7,32.8,33,33.1,33.2,"1.5","0","","0","",32.96,"41481A-3"
213.613946759259,-0.00289448293754187,0.112995184430912,4.46887491809569e-07,213.616377314815,"161567A",5,"QUPA2","QUERCUS",3.94,23.3,7.25,NA,16.05,0.83,"8/2/2022","15:43:35",33.1,32.5,32.6,32.6,32.5,"5 (5 to 3), 4.6 (5 to 4)","1","","0","",32.66,"161567A-5"
213.6171875,-4.39656566564406e-05,2.97560614028162e-05,0.93647116389918,213.619618055556,"161567A",4,"QUPA2","QUERCUS",3.84,34.23,8.29,NA,25.94,0.85,"8/2/2022","15:48:15",28.5,29.4,29.7,29.9,30,"5 (5 to 3), 4.6 (5 to 4)","1","","0","",29.5,"161567A-4"
213.62025462963,0.0052710241911928,0.208862683803234,1.520319014839e-12,213.622685185185,"161567A",3,"QUPA2","QUERCUS",3.86,35.3,9.99,NA,25.31,0.81,"8/2/2022","15:52:40",30.5,31.2,31.2,31.2,31.1,"5 (5 to 3), 4.6 (5 to 4)","1","","0","",31.04,"161567A-3"
213.62337962963,0.000813573239183816,0.0071403140223434,0.216122654061636,213.625810185185,"162074A",2,"LIST2","LIST2",3.79,14.26,9.89,NA,4.37,0.42,"8/2/2022","15:57:10",30.5,30.9,30.9,30.9,31.1,"1.4 (4 to 3), 3.7 (4 to 2)","0","","0","",30.86,"162074A-2"
213.626446759259,-0.000508954185523874,0.00273986404221258,0.444061176823185,213.628877314815,"162074A",3,"LIST2","LIST2",3.93,24.64,10.8,NA,13.84,0.67,"8/2/2022","16:01:35",30.5,30.4,30.5,30.6,30.6,"1.4 (4 to 3), 3.7 (4 to 2)","0","","0","",30.52,"162074A-3"
213.62962962963,0.00245988131472218,0.0546356404860184,0.000533253872619412,213.632060185185,"71345A",3,"CATO6","CATO6",3.86,31.7,9.2,NA,22.5,0.81,"8/2/2022","16:06:10",30,29.9,29.9,29.9,29.9,"1.6","1","","0","",29.92,"71345A-3"
213.632777777778,-0.0011851387183751,0.0129251980932826,0.0955952934930346,213.635208333333,"71345A",4,"CATO6","CATO6",3.83,29.07,9.48,NA,19.59,0.78,"8/2/2022","16:10:42",29.7,29.9,30,30.1,30.1,"1.6","1","","0","",29.96,"71345A-4"
213.637094907407,0.0331683806326488,0.916972157096557,1.29362279891751e-117,213.639525462963,"71534A",3,"QUAL","QUERCUS",3.92,40.54,12.9,NA,27.64,0.75,"8/2/2022","16:16:55",30,29,29.2,29.3,29.6,"4.6","0","","1","",29.42,"71534A-3"
213.640162037037,0.044465149529062,0.957414128785561,1.19398511932656e-148,213.642592592593,"71534A",4,"QUAL","QUERCUS",3.93,31.42,9.66,NA,21.76,0.79,"8/2/2022","16:21:20",29.1,29.5,NA,29.7,29.7,"4.6","0","","1","",29.5,"71534A-4"
214.491319444444,-0.00111782841870887,0.0111796581784983,0.121311109857427,214.49375,"162074A",4,"LIST2","LIST2",3.82,28.06,6.05,NA,22.01,0.91,"8/3/2022","12:47:00",28.9,29.3,29.3,29.7,29.9,"1.4 (4 to 3), 3.7 (4 to 2)","0","","0","",29.42,"162074A-4"
214.494907407407,-0.000232045638508121,0.000536396596880318,0.735020402209071,214.497337962963,"30264A",3,"QUFA","QUERCUS",4.21,24.09,14.85,4.25,13.49,0.68,"8/3/2022","12:52:10",30,30,30.1,30.3,30.4,"6.3 (3 to 4), 4.2 (3-2)","1","","0","",30.16,"30264A-3"
214.497974537037,0.00189407490762688,0.0338258894872328,0.00671797852739814,214.500405092593,"30264A",2,"QUFA","QUERCUS",4.22,27.61,19.75,NA,7.86,0.34,"8/3/2022","12:56:35",30.4,30.5,30.8,30.8,31,"6.3 (3 to 4), 4.2 (3-2)","1","","0","",30.7,"30264A-2"
214.501099537037,-0.000371618527568132,0.00155792912208201,0.563969165983008,214.503530092593,"30264A",4,"QUFA","QUERCUS",4.28,29.49,7.91,NA,21.58,0.86,"8/3/2022","13:01:05",30.4,30.2,30.3,30.3,30.5,"6.3 (3 to 4), 4.2 (3-2)","1","","0","",30.34,"30264A-4"
214.504456018519,0.000489867423623325,0.00247927019579429,0.467659469864599,214.506886574074,"30073A",3,"CATO6","CATO6",4.34,38.55,10.12,NA,28.43,0.83,"8/3/2022","13:05:55",28.3,29.1,29.4,29.5,29.7,"5.2","0","n","0","",29.2,"30073A-3"
214.507581018519,-0.000699755658534428,0.00514793235800732,0.293843719524124,214.510011574074,"30073A",4,"CATO6","CATO6",4.27,30.35,7.9,NA,22.45,0.86,"8/3/2022","13:10:25",29.6,29.6,29.8,30,30,"5.2","0","","0","",29.8,"30073A-4"
214.510706018519,0.00250324479789293,0.057280196469031,0.000387043462352659,214.513136574074,"31496A",1,"LIST2","LIST2",4.29,34.78,10.28,NA,24.5,0.8,"8/3/2022","13:14:55",30.8,30.9,30.8,30.9,31,"5.7","1","","0","",30.88,"31496A-1"
214.513888888889,0.0305575933840229,0.903201101497991,1.76300206201307e-110,214.516319444444,"31496A",2,"LIST2","LIST2",4.08,36.19,15.68,NA,20.51,0.64,"8/3/2022","13:19:30",30.9,30.7,30.7,30.8,30.8,"5.7","1","","0","",30.78,"31496A-2"
214.5171875,-0.00092276702245594,0.0102933097505601,0.137205738998232,214.519618055556,"30340A",5,"ACRU","ACRU",3.87,23.36,6.48,NA,16.88,0.87,"8/3/2022","13:24:15",30.7,30.7,30.7,30.7,30.8,"","0","","0","",30.72,"30340A-5"
214.52025462963,-9.62282389466704e-05,0.000123572276723057,0.870965116405262,214.522685185185,"30340B",5,"ACRU","ACRU",4.24,33.82,8.24,NA,25.58,0.86,"8/3/2022","13:28:40",30.6,30.8,30.8,30.8,30.8,"3.7","0","","0","",30.76,"30340B-5"
214.52337962963,1.54659828288849e-05,2.36532199477646e-06,0.982071315001142,214.525810185185,"30340B",4,"ACRU","ACRU",3.81,40.29,10.15,NA,30.14,0.83,"8/3/2022","13:33:10",27.8,28.6,28.9,29.1,29.4,"3.7","0","","0","",28.76,"30340B-4"
214.526678240741,0.00184216166335096,0.0382576598677544,0.0039029071440709,214.529108796296,"30242A",3,"LIST2","LIST2",4.29,28.32,9.83,NA,18.49,0.77,"8/3/2022","13:37:55",30.2,30.6,30.7,30.8,30.9,"5.5","0","","0","",30.64,"30242A-3"
214.529861111111,-0.000424104219355226,0.00170158351114868,0.546514408893666,214.532291666667,"30242A",4,"LIST2","LIST2",3.83,31.22,12.42,7.94,26.74,0.98,"8/3/2022","13:42:30",27.8,29.1,31.2,31.4,31.4,"5.5","0","","0","",30.18,"30242A-4"
214.533101851852,0.849718407521546,0.9997388700381,0,214.535532407407,"40862A",3,"CATO6","CATO6",4.21,42.58,10.16,NA,32.42,0.84,"8/3/2022","13:47:10",29.5,30.5,31.2,31.5,31.6,"6.1","1","","0","",30.86,"40862A-3"
214.536400462963,-0.00269984851765626,0.0543820076700434,0.000549899175452799,214.538831018519,"40862A",4,"CATO6","CATO6",4.26,33.59,8.09,NA,25.5,0.87,"8/3/2022","13:51:55",31.3,31.3,31.4,31.4,31.6,"6.1","1","","0","",31.4,"40862A-4"
214.539594907407,-0.00214339294689793,0.0453158854425479,0.00165177430259587,214.542025462963,"40858B",3,"CATO6","CATO6",4.29,27.85,9.26,NA,18.59,0.79,"8/3/2022","13:56:31",31.7,32,32.2,32.3,32.3,"4.1","1","","0","",32.1,"40858B-3"
214.54275462963,-0.00227691027154775,0.0577622609200155,0.000365082587573958,214.545185185185,"40858B",4,"CATO6","CATO6",4.25,12.83,12.28,3.86,4.41,0.51,"8/3/2022","14:01:04",32.2,32.2,32.5,32.5,32.6,"4.1","1","","0","",32.4,"40858B-4"
214.545821759259,0.00738745167264593,0.369471344349753,3.29219423862145e-23,214.548252314815,"31089B",4,"LIST2","LIST2",4.31,28.71,11.57,NA,17.14,0.7,"8/3/2022","14:05:29",32.5,32.6,32.6,32.7,32.7,"1.7","1","","0","",32.62,"31089B-4"
214.549537037037,0.000504381757476533,0.00324645522548646,0.404723204066877,214.551967592593,"31089B",3,"LIST2","LIST2",4.27,31.42,8.03,NA,23.39,0.86,"8/3/2022","14:10:50",30.2,30.5,30.6,30.9,31.1,"1.7","1","","0","",30.66,"31089B-3"
214.552800925926,-0.00034599758286927,0.00148689482940666,0.572999639841575,214.555231481481,"31504A",3,"COFL2","COFL2",4.14,39.57,17.26,NA,22.31,0.63,"8/3/2022","14:15:32",30.8,31.2,31.3,31.4,31.5,"2.2","0","","0","",31.24,"31504A-3"
214.555902777778,0.00388591787653837,0.135584360241549,2.4403162287762e-08,214.558333333333,"31504A",2,"COFL2","COFL2",4.13,35.76,20.71,NA,15.05,0.48,"8/3/2022","14:20:00",31.1,31.3,31.5,31.6,31.6,"2.2","0","","0","",31.42,"31504A-2"
214.559259259259,-0.000789683967101394,0.00618282832108088,0.249850980625799,214.561689814815,"30154B",3,"LITU","LITU",4.22,24.75,9.38,NA,15.37,0.75,"8/3/2022","14:24:50",31,31.1,31.2,31.3,31.4,"1.1","0","","0","",31.2,"30154B-3"
214.56244212963,-0.00117223544258051,0.0159108407219041,0.0642435120551763,214.564872685185,"30154B",4,"LITU","LITU",4.29,26.13,10.9,3.92,19.15,0.88,"8/3/2022","14:29:25",31.3,31.3,31.4,31.4,31.5,"1.1","0","","0","",31.38,"30154B-4"
214.56556712963,-0.00153159078948334,0.0300124525817857,0.0107520866817703,214.567997685185,"40203B",3,"CATO6","CATO6",4.08,25.93,8.59,NA,17.34,0.79,"8/3/2022","14:33:55",31.6,31.9,32,32,32,"","1","","0","",31.9,"40203B-3"
214.569212962963,-0.00144287982900769,0.0247181018023427,0.0207976053758473,214.571643518519,"40203C",4,"CATO6","CATO6",4.04,27.25,8.18,NA,19.07,0.82,"8/3/2022","14:39:10",31.4,31.3,31.3,31.4,31.5,"","1","","0","",31.38,"40203C-4"
214.572511574074,-0.000935240721264096,0.0103904471380393,0.135355909625379,214.57494212963,"40203D",5,"CATO6","CATO6",4.24,26.5,6.4,NA,20.1,0.9,"8/3/2022","14:43:55",31.2,31.3,31.3,31.4,31.4," ","1","","0","",31.32,"40203D-5"
214.575636574074,-0.000567514100685998,0.00399413436311871,0.355294175170208,214.57806712963,"30606A",3,"LITU","LITU",4.23,19.96,15.26,NA,4.7,0.3,"8/3/2022","14:48:25",31.6,32,32.1,32.2,32.3,"","0","","0","",32.04,"30606A-3"
214.578703703704,-9.72573863099916e-05,0.000148464770449037,0.8586884128058,214.581134259259,"31265A",2,"COFL2","COFL2",4.29,20.75,16.15,NA,4.6,0.28,"8/3/2022","14:52:50",32,32,32,32.1,32.2,"","0","n","0","",32.06,"31265A-2"
214.581828703704,-0.00200760903557703,0.0419479776277829,0.00248818716806084,214.584259259259,"31340A",4,"CATO6","CATO6",3.79,21.36,9.86,NA,11.5,0.65,"8/3/2022","14:57:20",31.7,31.4,31.5,31.6,31.7,"","0","","0","",31.58,"31340A-4"
214.584953703704,0.0379741152594568,0.943636909484808,1.2739335764779e-135,214.587384259259,"31335A",4,"CATO6","CATO6",4.25,25.33,9.49,NA,15.84,0.75,"8/3/2022","15:01:50",31,31.1,31.2,31.3,31.5,"","1","","0","",31.22,"31335A-4"
214.588078703704,0.125653088348867,0.994148425541449,6.84969263449346e-241,214.590509259259,"40109A",2,"QUFA","QUERCUS",4.25,41.75,17.8,NA,23.95,0.64,"8/3/2022","15:06:20",31.4,31.6,31.6,31.7,31.7,"","1","","0","",31.6,"40109A-2"
214.594386574074,-0.00033167545364548,0.000893303458866249,0.662246568223609,214.59681712963,"30871A",2,"LIST2","LIST2",4.3,21.45,16.05,NA,5.4,0.31,"8/3/2022","15:15:25",31.7,31.9,32,32,32,"","0","","0","",31.92,"30871A-2"
214.597395833333,-0.00122384465241131,0.0147607437439361,0.0747765627782828,214.599826388889,"31122A",1,"CATO6","CATO6",4.28,27.79,9.62,NA,18.17,0.77,"8/3/2022","15:19:45",31.4,31.1,31.2,31.3,31.3,"","0","","0","",31.26,"31122A-1"
214.599710648148,-0.00397272317495897,0.131094528655983,4.315730574777e-08,214.602141203704,"30050A",5,"LITU","LITU",3.95,35.3,10.13,NA,25.17,0.8,"8/3/2022","15:23:05",30.7,30.1,30.3,30.4,30.6,"","0","","0","",30.42,"30050A-5"
214.603414351852,-0.00185345027723238,0.0353275645536004,0.00558683186608112,214.605844907407,"70413B",4,"LIST2","LIST2",4.32,24.72,7.23,NA,17.49,0.86,"8/3/2022","15:28:25",30.7,31,31.1,31.2,31.5,"","0","","0","",31.1,"70413B-4"
215.403009259259,-0.000908649966370718,0.00680151457418046,0.0868810520258212,215.405439814815,"140835A",3,"QUPA2","QUERCUS",3.82,38.59,7.98,NA,30.61,0.88,"8/4/2022","10:39:50",28,29.4,29.5,29.4,29.4,"1.6 (3 to 2), 5.2 (3 to 4)","1","","0","",29.14,"140835A-3"
215.403009259259,-0.000908649966370718,0.00680151457418046,0.0868810520258212,215.405439814815,"140835A",3,"QUPA2","QUERCUS",3.82,38.59,7.98,NA,30.61,0.88,"8/4/2022","10:39:50",28,29.4,29.5,29.4,29.4,"1.6 (3 to 2), 5.2 (3 to 4)","1","","0","",29.14,"140835A-3"
215.406030092593,-0.000572737810772559,0.00250634550076243,0.299184033530068,215.408460648148,"140835A",2,"QUPA2","QUERCUS",5.73,24.44,19.44,NA,5,0.27,"8/4/2022","10:44:11",29.2,29.6,29.2,30.2,30.3,"1.6 (3 to 2), 5.2 (3 to 4)","1","","0","",29.7,"140835A-2"
215.406030092593,-0.000572737810772559,0.00250634550076243,0.299184033530068,215.408460648148,"140835A",2,"QUPA2","QUERCUS",5.73,24.44,19.44,NA,5,0.27,"8/4/2022","10:44:11",29.2,29.6,29.2,30.2,30.3,"1.6 (3 to 2), 5.2 (3 to 4)","1","","0","",29.7,"140835A-2"
215.409097222222,0.00111199337173092,0.0117034172471773,0.0245369541768455,215.411527777778,"140835A",4,"QUPA2","QUERCUS",4.31,36.21,9.71,NA,26.5,0.83,"8/4/2022","10:48:36",30.7,30.8,30.9,31,31,"1.6 (3 to 2), 5.2 (3 to 4)","1","","0","",30.88,"140835A-4"
215.409097222222,0.00111199337173092,0.0117034172471773,0.0245369541768455,215.411527777778,"140835A",4,"QUPA2","QUERCUS",4.31,36.21,9.71,NA,26.5,0.83,"8/4/2022","10:48:36",30.7,30.8,30.9,31,31,"1.6 (3 to 2), 5.2 (3 to 4)","1","","0","",30.88,"140835A-4"
215.412071759259,0.00215766769678859,0.036271548559381,0.00497641849194654,215.414502314815,"141322B",4,"QUPA2","QUERCUS",4.29,19.85,7.29,NA,12.56,0.81,"8/4/2022","10:52:53",30.9,30.8,30.9,31,31,"3.7 (4 to 3), 4.6 (4 to 2) ","0","","0","",30.92,"141322B-4"
215.41505787037,0.000765936344860248,0.00460064699616534,0.321088347902237,215.417488425926,"141322B",2,"QUPA2","QUERCUS",4.07,22.82,10.14,NA,12.68,0.68,"8/4/2022","10:57:11",31.1,31.2,31.3,31.4,31.5,"3.7 (4 to 3), 4.6 (4 to 2) ","0","","0","",31.3,"141322B-2"
215.418171296296,0.00258328422057519,0.0557670183435465,0.00046493400262513,215.420601851852,"141322B",3,"QUPA2","QUERCUS",3.98,30.65,10.36,NA,20.29,0.76,"8/4/2022","11:01:40",31.3,31.3,31.4,31.5,31.4,"3.7 (4 to 3), 4.6 (4 to 2) ","0","","0","",31.38,"141322B-3"
215.421238425926,0.000250136768341848,0.000469647297863862,0.751477664087459,215.423668981481,"140075A",5,"ACRU","ACRU",4.25,38.06,7.63,NA,30.43,0.9,"8/4/2022","11:06:05",31.1,30.8,30.7,30.8,31.1,"1.2","0","","0","",30.9,"140075A-5"
215.424282407407,-0.00105061696095509,0.00854693645681217,0.175818179343768,215.426712962963,"140075A",3,"ACRU","ACRU",4.26,27.54,8.24,NA,19.3,0.83,"8/4/2022","11:10:28",30.6,30.8,31,31.1,31.2,"1.2","0","","0","",30.94,"140075A-3"
215.427453703704,0.0019139254464812,0.0305608387386407,0.010046814257654,215.429884259259,"142752A",3,"CATO6","CATO6",4.02,28.01,8.4,NA,19.61,0.82,"8/4/2022","11:15:02",29.6,30.9,31,30.4,31,"1.8","0","","0","",30.58,"142752A-3"
215.430729166667,0.0012318867657669,0.012502943578846,0.101219653093459,215.433159722222,"142752A",2,"CATO6","CATO6",4.06,19.45,14.58,NA,4.87,0.32,"8/4/2022","11:19:45",31,30.7,31.6,31.8,31.9,"1.8","0","","0","",31.4,"142752A-2"
215.433773148148,0.00199195698120296,0.0307405678575625,0.00982604985237131,215.436203703704,"142037A",2,"LIST2","LIST2",4.07,25.33,12.06,NA,13.27,0.62,"8/4/2022","11:24:08",31.4,30.4,30.9,31.2,31.1,"4.2","0","","0","",31,"142037A-2"
215.437893518519,-0.00158873886489735,0.0157744208597911,0.0654060921684055,215.440324074074,"142037A",3,"LIST2","LIST2",3.87,32.28,11.37,NA,20.91,0.74,"8/4/2022","11:30:04",31.5,31.2,31.3,31.1,31.7,"4.2","0","","0","",31.36,"142037A-3"
215.44099537037,0.735467163110757,0.999681615549055,0,215.443425925926,"140283A",2,"ACRU","ACRU",3.83,30.74,12.35,NA,18.39,0.68,"8/4/2022","11:34:32",31.4,31.6,32,31.5,31.7,"2.4","1","","0","",31.64,"140283A-2"
215.444166666667,-0.00216762754237264,0.0498531883434407,0.000952207040571907,215.446597222222,"140283A",3,"ACRU","ACRU",3.98,38.08,14.31,NA,23.77,0.7,"8/4/2022","11:39:06",31.7,31,30.1,31,31.5,"2.4","1","","0","",31.06,"140283A-3"
215.447256944444,-0.0024978946767417,0.0568694923290517,0.000406792538335763,215.4496875,"142524A",4,"LIST2","LIST2",4.05,33.79,10.85,NA,22.94,0.77,"8/4/2022","11:43:33",30.8,30.7,30.5,30.2,30.2,"4.4","1","","0","",30.48,"142524A-4"
215.4503125,-0.00206576689131967,0.0401019344154568,0.00311601619607283,215.452743055556,"142524A",3,"LIST2","LIST2",4.28,19.48,7,NA,12.48,0.82,"8/4/2022","11:47:57",30.1,31.2,31.5,31.9,32,"4.4","1","","0","",31.34,"142524A-3"
215.453344907407,-0.00113466452564825,0.00879402974692106,0.169672101689089,215.455775462963,"140638A",5,"QUPA2","QUERCUS",4.24,27.02,8.85,NA,18.17,0.8,"8/4/2022","11:52:19",31.4,31.7,32.2,32.4,32.4,"","0","","0","",32.02,"140638A-5"
215.457141203704,0.000285122611477099,0.000781328522678296,0.683603456804528,215.459571759259,"142404A",2,"COFL2","COFL2",4.29,27.29,13.23,NA,14.06,0.61,"8/4/2022","11:57:47",32.8,32.8,33,33.1,32.9,"","1","","0","",32.92,"142404A-2"
215.460173611111,0.0315642275901138,0.936279808823874,6.42736209494136e-130,215.462604166667,"141521A",5,"LIST2","LIST2",3.87,26,9.06,NA,16.94,0.77,"8/4/2022","12:02:09",32.5,32.3,32.3,32.4,32.4,"","1","","0","",32.38,"141521A-5"
215.474236111111,0.0103760985810518,0.299387948442759,2.88155544890942e-18,215.476666666667,"150650A",3,"LITU","LITU",7.58,36.45,20.37,7.64,23.72,0.82,"8/4/2022","12:22:24",33.5,33.6,33.8,34.1,34.3,"2.2","0","","0","",33.86,"150650A-3"
215.498993055556,0.000823303967096407,0.00898998669940156,0.164971896171272,215.501423611111,"150005A",5,"LITU","LITU",5.8,15.85,7.79,NA,8.06,0.8,"8/4/2022","12:58:03",34.3,34.5,34.7,34.8,35,"2.1","0","","0","",34.66,"150005A-5"
215.531539351852,0.00063300556559093,0.00516986789481305,0.292814817449912,215.533969907407,"151651A",3,"ACRU","ACRU",7.51,44.58,21.45,7.61,30.74,0.83,"8/4/2022","13:44:55",31.6,33.3,34,34.1,33.9,"1.5 (4 to 3), 2.2 (4-5)","1","","0","",33.38,"151651A-3"
215.534641203704,-0.0121144536546622,0.66702370985209,5.26479379456468e-53,215.537071759259,"151651A",5,"ACRU","ACRU",5.73,25.98,17.18,7.58,16.38,0.81,"8/4/2022","13:49:23",34.2,34.9,35.1,35.2,35.4,"1.5 (4 to 3), 2.2 (4-5)","1","","0","",34.96,"151651A-5"
215.537650462963,0.00329141125344523,0.133016346037838,3.38216298795392e-08,215.540081018519,"151651A",4,"ACRU","ACRU",5.67,31.21,9.8,NA,21.41,0.84,"8/4/2022","13:53:43",34.7,34.5,34.5,34.5,34.5,"1.5 (4 to 3), 2.2 (4-5)","1","","0","",34.54,"151651A-4"
215.544189814815,-0.00343986711381345,0.126523598799947,7.69293827064071e-08,215.54662037037,"150005A",4,"LITU","LITU",7.57,25.41,10.46,NA,14.95,0.84,"8/4/2022","14:03:08",33.8,33.7,34.2,34.5,34.5,"2.1","0","","0","",34.14,"150005A-4"
215.547256944444,0.000249388413046363,0.000892788141756586,0.662338004258025,215.5496875,"150541A",1,"ACRU","ACRU",5.83,20.3,11.99,NA,8.31,0.57,"8/4/2022","14:07:33",34.1,33.8,33.9,34.1,34.3,"","0","","0","",34.04,"150541A-1"
215.551585648148,0.00224667765450296,0.0589236240627139,0.000317156122214337,215.554016203704,"150441A",5,"ACRU","ACRU",7.54,29.63,11.15,NA,18.48,0.84,"8/4/2022","14:13:47",34,34.2,34.3,34.3,34.4,"2.8","0","","0","",34.24,"150441A-5"
215.554571759259,0.00239225017373411,0.0695333474941111,8.75888623546607e-05,215.557002314815,"150441A",4,"ACRU","ACRU",7.65,34.81,11.98,NA,22.83,0.84,"8/4/2022","14:18:05",33.9,33.6,33.6,33.8,33.8,"2.8","0","","0","",33.74,"150441A-4"
215.560636574074,-0.00200584515827334,0.0559298422074755,0.000455850538374086,215.56306712963,"150650A",4,"LITU","LITU",7.55,30.58,10.49,NA,20.09,0.87,"8/4/2022","14:26:49",31.9,33,33.2,33.4,33.5,"2.2","0","","0","",33,"150650A-4"
215.56369212963,-0.00180855215170858,0.0442572063599517,0.00187863068995066,215.566122685185,"150206A",5,"QURU","QUERCUS",5.7,35.54,12.84,NA,22.7,0.76,"8/4/2022","14:31:13",31.9,33.4,33.5,34.1,34.2,"","1","","0","",33.42,"150206A-5"
215.56693287037,-0.00198538547374502,0.0460244742551629,0.00151551557058621,215.569363425926,"152539A",4,"LITU","LITU",7.62,32.8,10.54,NA,22.26,0.88,"8/4/2022","14:35:53",33.4,33.7,33.6,33.6,33.6,"4.3","0","","0","",33.58,"152539A-4"
215.57,-0.00186732051615059,0.0406697147567092,0.00290756229840903,215.572430555556,"152539A",3,"LITU","LITU",7.58,22.23,9.64,NA,12.59,0.86,"8/4/2022","14:40:18",33.7,34.1,34.4,34.4,34.2,"4.3","0","","0","",34.16,"152539A-3"
215.573055555556,0.00110846526699201,0.0167751337052388,0.0573677814178458,215.575486111111,"150265A",2,"LIST2","LIST2",7.61,35.53,18.97,NA,16.56,0.59,"8/4/2022","14:44:42",34,34.3,34.5,34.2,34.3,"","0","","0","",34.26,"150265A-2"
215.576099537037,-0.00132315967111594,0.0211742666584263,0.0325501407133406,215.578530092593,"112005A",4,"QUCO2","QUERCUS",7.61,24.22,11.39,NA,12.83,0.77,"8/4/2022","14:49:05",34.2,34.1,34.4,34.5,34.6,"","1","","0","",34.36,"112005A-4"
216.448958333333,0.06816107771721,0.983412425945131,1.80547579774211e-192,216.451388888889,"92297B",3,"LITU","LITU",7.59,36.2,11.5,NA,24.7,0.86,"8/5/2022","11:46:00",29.1,29.8,30,30.2,30.4,"2.7 (3 to 2), 1.3 (3 to 4) ","0","","0","",29.9,"92297B-3"
216.452199074074,0.0450559446431544,0.943157585982493,3.15334541852096e-135,216.45462962963,"92297B",4,"LITU","LITU",7.64,30.56,10.97,NA,19.59,0.85,"8/5/2022","11:50:40",30.6,30.9,31,31.1,31.3,"2.7 (3 to 2), 1.3 (3 to 4) ","0","","0","",30.98,"92297B-4"
216.458680555556,0.00383157071807919,0.191728804962197,1.56816140723359e-11,216.461111111111,"92297B",2,"LITU","LITU",7.63,23.34,13.48,NA,9.86,0.63,"8/5/2022","12:00:00",31.8,32,32.2,32.2,32.2,"2.7 (3 to 2), 1.3 (3 to 4) ","0","","0","",32.08,"92297B-2"
216.461747685185,0.000347398908115427,0.00190215504017537,0.523752304614102,216.464178240741,"90920A",4,"LIST2","LIST2",7.62,33.36,11.24,NA,22.12,0.86,"8/5/2022","12:04:25",31.1,31.1,31.2,31.1,31.2,"1.5","0","","0","",31.14,"90920A-4"
216.468229166667,0.0234868401889181,0.902696001941442,3.07766894689861e-110,216.470659722222,"130901A",2,"ACRU","ACRU",7.64,34.43,19.26,NA,15.17,0.57,"8/5/2022","12:13:45",30,29.9,30.1,30.3,30.5,"2.3","0","","1","",30.16,"130901A-2"
216.471365740741,0.000551508462334236,0.00469426506994867,0.316202642876748,216.473796296296,"90847A",4,"LIST2","LIST2",7.62,26.26,8.81,NA,17.45,0.94,"8/5/2022","12:18:16",30.5,30.7,30.9,31,31.1,"4.2","1","","0","",30.84,"90847A-4"
216.474710648148,0.00283816400499084,0.103772818075445,1.32132939806438e-06,216.477141203704,"90847A",3,"LIST2","LIST2",7.6,35.07,10.41,NA,24.66,0.9,"8/5/2022","12:23:05",30.9,30.9,31.1,31,31.1,"4.2","1","","0","",31,"90847A-3"
216.477835648148,0.000206787221172563,0.000669799934326303,0.70526693216139,216.480266203704,"130901A",1,"ACRU","ACRU",7.65,27.1,15.3,NA,11.8,0.61,"8/5/2022","12:27:35",30.8,31,31,31.1,31.3,"2.3","0","","1","",31.04,"130901A-1"
216.481018518519,0.0626478751666352,0.98273693054922,1.29300371033315e-190,216.483449074074,"90920A",3,"LIST2","LIST2",7.67,35.93,14.76,NA,21.17,0.75,"8/5/2022","12:32:10",31.2,31.3,31.5,31.6,31.8,"1.5","0","","0","",31.48,"90920A-3"
216.484305555556,0.116283851132575,0.99495763200148,8.30250015303352e-248,216.486736111111,"90851A",3,"LIST2","LIST2",7.7,39.61,19.14,7.57,28.04,0.88,"8/5/2022","12:36:54",31.4,31.7,31.6,31.9,31.9,"2","1","","0","",31.7,"90851A-3"
216.487581018519,0.0294237160386246,0.93207279687204,6.02606676360393e-127,216.490011574074,"90851A",4,"LIST2","LIST2",7.62,31.38,12,NA,19.38,0.82,"8/5/2022","12:41:37",31.3,31.8,32.1,31.9,32.1,"2","1","","0","",31.84,"90851A-4"
216.490752314815,0.000845066043286109,0.00917401083362059,0.160692214109909,216.49318287037,"132472B",3,"LITU","LITU",7.63,27.1,10.9,NA,16.2,0.83,"8/5/2022","12:46:11",31.5,31.7,31.9,31.9,32,"1.3","0","","0","",31.8,"132472B-3"
216.493831018519,0.000102725604303592,0.000174992574632362,0.846725246289322,216.496261574074,"132472B",5,"LITU","LITU",NA,35.09,18.91,NA,16.18,0.46,"8/5/2022","12:50:37",31.6,31.7,32.5,32.1,31,"1.3","0","","0","",31.78,"132472B-5"
216.500185185185,0.00268212765660533,0.107119432744593,8.72537595650744e-07,216.502615740741,"132472A",5,"LITU","LITU",7.65,41.84,17.36,7.6,32.08,0.94,"8/5/2022","12:59:46",32,32.3,32.2,32.4,32.1,"","0","","0","",32.2,"132472A-5"
216.503263888889,0.0372583305396406,0.960296099513875,6.60829973500121e-152,216.505694444444,"91590A",3,"CATO6","CATO6",7.6,30.8,13.58,NA,17.22,0.74,"8/5/2022","13:04:12",31.8,32,32.1,32.2,32.2,"3.1","1","","1","",32.06,"91590A-3"
216.506365740741,9.22907277840944e-05,0.000153374295063544,0.856395735911672,216.508796296296,"91590A",4,"CATO6","CATO6",7.59,33.23,13.81,NA,19.42,0.76,"8/5/2022","13:08:40",31.7,31.6,31.8,31.8,31.9,"3.1","1","","1","",31.76,"91590A-4"
216.50943287037,0.00098014976721747,0.0146372096438959,0.0760126981628483,216.511863425926,"134046B",2,"LITU","LITU",7.65,25.2,20.24,NA,4.96,0.28,"8/5/2022","13:13:05",32.2,32.5,32.6,32.7,32.8,"4.1","0","","0","",32.56,"134046B-2"
216.512615740741,0.000336837704587696,0.00188011917850289,0.526169096402809,216.515046296296,"134046B",3,"LITU","LITU",7.6,31.36,9.96,NA,21.4,0.9,"8/5/2022","13:17:40",32.3,32.1,32.1,32.1,32.1,"4.1","0","","0","",32.14,"134046B-3"
216.51568287037,0.054871041005843,0.980074640515145,5.98432384982943e-184,216.518113425926,"90930A",4,"LIST2","LIST2",7.68,29.19,13.11,NA,16.08,0.75,"8/5/2022","13:22:05",31.7,31.7,31.6,31.6,31.5,"5.2","0","","1","",31.62,"90930A-4"
216.51875,-0.00113433058746145,0.0229853360981095,0.0258700480005515,216.521180555556,"90930A",5,"LIST2","LIST2",7.66,30.8,11.67,NA,19.13,0.83,"8/5/2022","13:26:30",31.5,31.6,31.7,31.8,31.8,"5.2","0","","1","",31.68,"90930A-5"
216.521759259259,0.00247591208801372,0.111669764883452,9.92728840530423e-13,216.524189814815,"130551A",2,"QURU","QUERCUS",7.58,34.66,15.42,NA,19.24,0.71,"8/5/2022","13:30:50",31.8,31.9,32,32.1,32.2,"2.6","0","","1","",32,"130551A-2"
216.521759259259,0.00247591208801372,0.111669764883452,9.92728840530423e-13,216.524189814815,"130551A",2,"QURU","QUERCUS",7.58,34.66,15.42,NA,19.24,0.71,"8/5/2022","13:30:50",31.8,31.9,32,32.1,32.2,"2.6","0","","1","",32,"130551A-2"
216.524826388889,0.0257462173737292,0.91942060168588,2.76231053659546e-237,216.527256944444,"130551A",3,"QURU","QUERCUS",7.56,33.96,14.97,NA,18.99,0.72,"8/5/2022","13:35:15",31.5,31.6,31.7,31.8,32,"2.6","0","","1","",31.72,"130551A-3"
216.524826388889,0.0257462173737292,0.91942060168588,2.76231053659546e-237,216.527256944444,"130551A",3,"QURU","QUERCUS",7.56,33.96,14.97,NA,18.99,0.72,"8/5/2022","13:35:15",31.5,31.6,31.7,31.8,32,"2.6","0","","1","",31.72,"130551A-3"
216.528125,0.000276442104876436,0.00131099037163113,0.596648186834963,216.530555555556,"51330A",3,"ACRU","ACRU",7.6,21.91,12.76,NA,9.15,0.64,"8/5/2022","13:40:00",31.1,31.4,31.7,31.9,32.1,"","1","","0","",31.64,"51330A-3"
216.531134259259,0.00125332216590648,0.0325597522093377,0.00785052255649905,216.533564814815,"50898A",4,"LITU","LITU",7.65,29.87,9.83,NA,20.04,0.9,"8/5/2022","13:44:20",31.5,31.6,31.6,31.7,31.9,"","0","","0","",31.66,"50898A-4"
216.534143518519,0.0448690582248342,0.976037869846699,2.24214335690473e-175,216.536574074074,"130211A",5,"LIST2","LIST2",7.55,28.84,11.64,NA,17.2,0.81,"8/5/2022","13:48:40",31.7,31.9,32,32.1,32.2,"","0","","0","",31.98,"130211A-5"
216.537210648148,0.000970026188338405,0.0141175355421848,0.0814569938565278,216.539641203704,"131333A",5,"LIST2","LIST2",7.59,27.51,17.08,7.61,18.04,0.91,"8/5/2022","13:53:05",32,32.2,32.3,32.5,32.5,"","1","","0","",32.3,"131333A-5"
216.540335648148,1.35979716600692,0.999850629990244,0,216.542766203704,"130346A",3,"LIST2","LIST2",7.53,34.29,13.85,NA,20.44,0.76,"8/5/2022","13:57:35",30.8,32.1,32.1,32.1,32.2,"","0","","0","",31.86,"130346A-3"
216.540335648148,1.35979716600692,0.999850629990244,0,216.542766203704,"130346A",3,"LIST2","LIST2",7.53,34.29,13.85,NA,20.44,0.76,"8/5/2022","13:57:35",30.8,32.1,32.1,32.1,32.2,"","0","","0","",31.86,"130346A-3"
216.546412037037,0.00476337762363481,0.27996030414018,5.55635001107929e-17,216.548842592593,"50842A",2,"LIST2","LIST2",7.65,39.74,21,7.6,26.34,0.82,"8/5/2022","14:06:20",32,31.7,31.8,31.8,31.9,"","1","","0","",31.84,"50842A-2"
219.452430555556,0.000833164356395979,0.0132925197483058,0.090977092764936,219.454861111111,"61440A",3,"QUFA","QUERCUS",4.67,39.6,11.78,NA,27.82,0.8,"8/8/2022","11:51:00",31.7,31.3,31.4,31.5,31.8,"5 (4 to 5), 5 (4 to 3)","1","","0","",31.54,"61440A-3"
219.455671296296,0.0489920994642535,0.978044135274671,1.93602040609958e-179,219.458101851852,"61440A",4,"QUFA","QUERCUS",4.67,30.79,10.17,NA,20.62,0.79,"8/8/2022","11:55:40",31.7,31.8,31.9,32,32.1,"5 (4 to 5), 5 (4 to 3)","1","","0","",31.9,"61440A-4"
219.459027777778,0.0100640938033638,0.656178353698448,1.63802927671059e-51,219.461458333333,"61440A",5,"QUFA","QUERCUS",4.7,26.15,8.81,NA,17.34,0.81,"8/8/2022","12:00:30",31.7,31.6,31.8,32,32.1,"5 (4 to 5), 5 (4 to 3)","1","","1","",31.84,"61440A-5"
219.462094907407,0.00231567635475602,0.0965663202662313,3.2180273850695e-06,219.464525462963,"61442A",3,"QURU","QUERCUS",4.72,25.81,12.64,NA,13.17,0.62,"8/8/2022","12:04:55",31.7,31.8,31.9,32,32.1,"","0","","0","",31.9,"61442A-3"
219.465046296296,-0.00130678896983387,0.0291853404715761,0.0119123983738728,219.467476851852,"71138A",5,"QUERC","QUERCUS",4.66,25.6,8.96,NA,16.64,0.79,"8/8/2022","12:09:10",32.1,32.3,32.5,32.5,32.5,"","0","","0","",32.38,"71138A-5"
219.468171296296,-0.00116837083776459,0.0263009390108615,0.0170573855234346,219.470601851852,"71138B",5,"QUERC","QUERCUS",4.66,28.04,10.87,NA,17.17,0.73,"8/8/2022","12:13:40",32.2,32.2,32.3,32.3,32.3,"","0","","0","",32.26,"71138B-5"
219.471238425926,-0.0017523745880072,0.0712877587513886,1.74045279264784e-08,219.473668981481,"71652A",4,"COFL2","COFL2",4.69,26.67,10.64,NA,16.03,0.73,"8/8/2022","12:18:05",31.9,31.8,31.9,32,32.1,"3.8","0","","0","",31.94,"71652A-4"
219.471238425926,-0.0017523745880072,0.0712877587513886,1.74045279264784e-08,219.473668981481,"71652A",4,"COFL2","COFL2",4.69,26.67,10.64,NA,16.03,0.73,"8/8/2022","12:18:05",31.9,31.8,31.9,32,32.1,"3.8","0","","0","",31.94,"71652A-4"
219.474305555556,0.0122087352544759,0.743653311174769,3.52273786275973e-129,219.476736111111,"71652A",3,"COFL2","COFL2",4.67,28.53,11.53,NA,17,0.71,"8/8/2022","12:22:30",32.1,32.1,32.2,32.3,32.4,"3.8","0","","0","",32.22,"71652A-3"
219.474305555556,0.0122087352544759,0.743653311174769,3.52273786275973e-129,219.476736111111,"71652A",3,"COFL2","COFL2",4.67,28.53,11.53,NA,17,0.71,"8/8/2022","12:22:30",32.1,32.1,32.2,32.3,32.4,"3.8","0","","0","",32.22,"71652A-3"
219.477372685185,-0.0013469301300703,0.0342959350659898,0.00634096485928029,219.479803240741,"100316A",1,"QUVE","QUERCUS",4.67,24.74,11.19,NA,13.55,0.68,"8/8/2022","12:26:55",32,32,32.2,32.3,32.4,"","1","","0","",32.18,"100316A-1"
219.480439814815,0.00805907716262035,0.524218504462005,2.27651717298014e-36,219.48287037037,"100286A",3,"QURU","QUERCUS",4.65,27.64,10.58,NA,17.06,0.74,"8/8/2022","12:31:20",32.1,32,32.1,32.3,32.3,"9.1","1","","1","",32.16,"100286A-3"
219.483391203704,-0.000681109377377825,0.010141438877728,0.140154558007574,219.485821759259,"100286A",2,"QURU","QUERCUS",4.66,23.71,18.88,NA,4.83,0.25,"8/8/2022","12:35:35",32.3,32.7,33,33,33,"9.1","1","","0","",32.8,"100286A-2"
219.486458333333,0.000806540270160836,0.0115561545686832,0.115183696721841,219.488888888889,"100320A",1,"QUVE","QUERCUS",4.7,19.26,10.66,NA,8.6,0.59,"8/8/2022","12:40:00",32.6,32.4,32.5,32.5,32.7,"","1","n","0","",32.54,"100320A-1"
219.490046296296,-0.00114508735432707,0.0222369567372372,0.0284398173505461,219.492476851852,"100819B",2,"LITU","LITU",4.68,33.28,7.79,NA,25.49,0.89,"8/8/2022","12:45:10",32.3,32,32,32.2,32.3,"","1","","0","",32.16,"100819B-2"
219.493055555556,0.000720360306890839,0.00905948536771183,0.163340610759832,219.495486111111,"71658A",1,"COFL2","COFL2",4.66,23.86,18.01,NA,5.85,0.3,"8/8/2022","12:49:30",32.3,32.5,32.7,32.6,32.7,"","0","","0","",32.56,"71658A-1"
219.496006944444,-0.00236191040548248,0.102023848258871,1.64065721272532e-06,219.4984375,"101467A",5,"ACRU","ACRU",4.66,26.95,8.08,NA,18.87,0.85,"8/8/2022","12:53:45",32.2,31.9,32.1,32.2,32.3,"","0","","0","",32.14,"101467A-5"
219.499016203704,-0.0016722140853212,0.0523949153225889,0.000699650186177324,219.501446759259,"101467B",4,"ACRU","ACRU",4.65,33.16,7.82,NA,25.34,0.89,"8/8/2022","12:58:05",31.8,31.2,31.3,31.5,31.6,"3.8","0","","0","",31.48,"101467B-4"
219.502083333333,0.00103902925466072,0.0189834280887876,0.0430878564763652,219.504513888889,"101467B",5,"ACRU","ACRU",4.66,23.92,8.53,NA,15.39,0.8,"8/8/2022","13:02:30",31.7,32.2,32.4,32.7,32.8,"3.8","0","","0","",32.36,"101467B-5"
219.506597222222,-0.00195737780817274,0.0653770479996439,0.000145049049746213,219.509027777778,"101443A",3,"LITU","LITU",4.67,26.24,7.41,NA,18.83,0.87,"8/8/2022","13:09:00",32.1,32.5,32.7,32.8,32.8,"1.1 (3 to 2), 4.5 (3 to 4)","1","","0","",32.58,"101443A-3"
219.509548611111,-0.0011347550184469,0.0236186822192532,0.023882700786327,219.511979166667,"101443A",4,"LITU","LITU",4.67,25.59,6.97,NA,18.62,0.89,"8/8/2022","13:13:15",32.6,32.5,32.7,32.8,32.8,"1.1 (3 to 2), 4.5 (3 to 4)","1","","0","",32.68,"101443A-4"
219.51255787037,-0.00121191206003792,0.0363349557931041,0.00493791869197396,219.514988425926,"101443A",2,"LITU","LITU",4.68,26.5,7.8,NA,18.7,0.86,"8/8/2022","13:17:35",32.1,31.6,31.9,32.1,32.2,"1.1 (3 to 2), 4.5 (3 to 4)","1","n","0","",31.98,"101443A-2"
219.51556712963,0.00622364587934645,0.418641575037145,5.22468908588201e-27,219.517997685185,"100782A",3,"QURU","QUERCUS",4.69,22.14,8.42,NA,13.72,0.79,"8/8/2022","13:21:55",30.2,32.5,32.6,32.6,32.7,"1.7","0","n","0","",32.12,"100782A-3"
219.518634259259,0.0567203416304921,0.960831242342844,1.54660216051438e-152,219.521064814815,"100782A",4,"QURU","QUERCUS",4.7,27.54,6.95,NA,20.59,0.9,"8/8/2022","13:26:20",32.4,32.5,32.6,32.6,32.7,"1.7","0","","0","",32.56,"100782A-4"
219.521643518519,-0.00274050906206778,0.112513439577945,4.45967613310008e-07,219.524074074074,"100988A",2,"ACRU","ACRU",4.68,18.76,11.79,NA,6.97,0.5,"8/8/2022","13:30:40",32.4,32.6,32.8,33,33.1,"","0","n","0","",32.78,"100988A-2"
219.524594907407,-0.00113824615534507,0.0210971809348308,0.0328712550998385,219.527025462963,"110484A",1,"COFL2","COFL2",4.65,18.56,15.34,NA,3.22,0.23,"8/8/2022","13:34:55",32.9,33.2,33.2,33.2,33.3,"","1","n","0","",33.16,"110484A-1"
219.527662037037,-0.000392887210726819,0.00273392995406301,0.444555678865027,219.530092592593,"110582A",4,"COFL2","COFL2",4.68,21.97,7.45,NA,14.52,0.84,"8/8/2022","13:39:20",32.8,32.5,32.6,32.7,32.8,"2.5","0","","0","",32.68,"110582A-4"
219.530671296296,-0.00310734333730379,0.133391585918446,3.22480338455906e-08,219.533101851852,"110582A",5,"COFL2","COFL2",4.68,23.78,7.7,NA,16.08,0.84,"8/8/2022","13:43:40",32.4,32.4,32.5,32.6,32.7,"2.5","0","","0","",32.52,"110582A-5"
219.533680555556,-0.00205560980759916,0.0540381129987817,0.000573301761638695,219.536111111111,"110834A",3,"COFL2","COFL2",4.69,30.6,14.23,NA,16.37,0.63,"8/8/2022","13:48:00",32.6,32.9,32.9,33,33.1,"3.2","1","","0","",32.9,"110834A-3"
219.536689814815,-0.00175077649876017,0.0452138818044636,0.00167237749155453,219.53912037037,"110834A",4,"COFL2","COFL2",4.69,23.48,8,NA,15.48,0.82,"8/8/2022","13:52:20",32.7,32.5,32.7,33,33.1,"3.2","1","","0","",32.8,"110834A-4"
220.453587962963,-0.000967616417396936,0.0179689757167707,0.049118841020735,220.456018518519,"10805A",5,"QURU","QUERCUS",4.67,25.37,8.48,NA,16.89,0.82,"8/9/2022","11:52:40",32.6,32.6,32.8,33,33,"2.2","0","","0","",32.8,"10805A-5"
220.456712962963,-0.00245939428175083,0.126900214697444,7.33579810840113e-08,220.459143518519,"10805A",4,"QURU","QUERCUS",4.68,26.56,9.03,NA,17.53,0.8,"8/9/2022","11:57:10",32.8,32.8,33,33.1,33.1,"2.2","0","","0","",32.96,"10805A-4"
220.459780092593,0.00330680064167584,0.0849138115181177,1.34489630695182e-05,220.462210648148,"10555B",3,"QUFA","QUERCUS",4.68,27.74,8.92,NA,18.82,0.82,"8/9/2022","12:01:35",32,31.3,31.7,31.9,32,"2.1","0","","0","",31.78,"10555B-3"
220.462905092593,-0.000935304403987527,0.0127598880231887,0.0977558073747876,220.465335648148,"10555B",4,"QUFA","QUERCUS",4.71,24.17,7.84,NA,16.33,0.84,"8/9/2022","12:06:05",31.8,32.3,32.4,32.5,32.7,"2.1","0","","0","",32.34,"10555B-4"
220.465914351852,-0.00310595095461461,0.139579439200056,1.46638307097494e-08,220.468344907407,"20820B",3,"LIST2","LIST2",4.68,15.9,6.83,NA,9.07,0.81,"8/9/2022","12:10:25",32.5,32.7,32.9,33.1,33.2,"2.2","0","","0","",32.88,"20820B-3"
220.468981481481,-0.00274665952539091,0.125094478867325,9.21231990322514e-08,220.471412037037,"20820B",2,"LIST2","LIST2",4.68,23.96,19.11,NA,4.85,0.25,"8/9/2022","12:14:50",33.2,33.2,33.2,33.3,33.4,"2.2","0","","0","",33.26,"20820B-2"
220.472106481481,6.78333035535991,0.999963215134289,0,220.474537037037,"10470A",3,"LIST2","LIST2",4.67,31.29,10.99,NA,20.3,0.76,"8/9/2022","12:19:20",32,31.9,32.1,32.3,32.5,"","0","","1","",32.16,"10470A-3"
220.480671296296,0.0240471155689226,0.910572818913824,3.66110468829603e-114,220.483101851852,"10178A",3,"QUAL","QUERCUS",4.67,24.22,9.87,NA,14.35,0.73,"8/9/2022","12:31:40",33.7,33.5,33.6,33.6,33.8,"2.3","0","","0","",33.64,"10178A-3"
220.483680555556,0.002280927864431,0.0916725206381504,5.8748991310921e-06,220.486111111111,"10178A",2,"QUAL","QUERCUS",4.68,27.93,21.15,NA,6.78,0.29,"8/9/2022","12:36:00",33.5,33.4,33.5,33.6,33.7,"2.3","0","","0","",33.54,"10178A-2"
220.486689814815,-0.00250750010111944,0.0738090132838913,5.20934394465952e-05,220.48912037037,"10213A",5,"ACRU","ACRU",4.68,29.61,8.11,NA,21.5,0.86,"8/9/2022","12:40:20",30.7,32,32.2,32.4,32.5,"","0","","0","in swamp",31.96,"10213A-5"
220.489826388889,0.0462765298607865,0.96850079184499,1.15125507571506e-162,220.492256944444,"20313A",2,"COFL2","COFL2",4.64,18.27,12.66,NA,5.61,0.41,"8/9/2022","12:44:51",32.8,33.5,33.6,33.7,33.8,"","1","","0","",33.48,"20313A-2"
220.492824074074,-0.00235423775610624,0.0767016264338516,3.66350021975617e-05,220.49525462963,"20811A",3,"LIST2","LIST2",4.72,24.64,10.94,NA,13.7,0.69,"8/9/2022","12:49:10",33.5,32.8,32.9,33.2,33.3,"","0","","0","",33.14,"20811A-3"
220.495891203704,-0.00293136475033744,0.0954759281450123,3.680523204755e-06,220.498321759259,"20239A",5,"QURU","QUERCUS",4.67,24.37,7.61,NA,16.76,0.85,"8/9/2022","12:53:35",33,32.9,33.1,33.2,33.3,"4.9","0","","0","",33.1,"20239A-5"
220.499247685185,-0.00183717662480093,0.0402766348878292,0.00305032155215035,220.501678240741,"20239A",4,"QURU","QUERCUS",4.68,27.43,8.51,NA,18.92,0.83,"8/9/2022","12:58:25",33.3,33.4,33.5,33.6,33.7,"4.9","0","","0","",33.5,"20239A-4"
220.502314814815,-0.00227217183466415,0.0560014849708817,0.000451910247447892,220.50474537037,"10610A",5,"QUERC","QUERCUS",4.71,19.13,6.77,NA,12.36,0.86,"8/9/2022","13:02:50",33.6,33.6,33.8,33.7,33.9,"1.3","0","","0","",33.72,"10610A-5"
220.505324074074,-0.00415651767131278,0.168141966251285,3.62423012041579e-10,220.50775462963,"10610A",2,"QUERC","QUERCUS",4.65,25.22,10.74,NA,14.48,0.7,"8/9/2022","13:07:10",33.6,33.6,33.7,33.7,33.9,"1.3","0","","0","",33.7,"10610A-2"
220.508449074074,-0.00284857017577019,0.0770913937253519,3.49365877228273e-05,220.51087962963,"10312A",2,"QURU","QUERCUS",4.66,35.24,11.6,NA,23.64,0.77,"8/9/2022","13:11:40",33.6,33.4,33.5,33.6,33.7,"1.7","0","","0","",33.56,"10312A-2"
220.511516203704,0.0263369723838305,0.906654833752878,3.60681824184038e-112,220.513946759259,"10312A",3,"QURU","QUERCUS",4.68,30.71,11.95,NA,18.76,0.72,"8/9/2022","13:16:05",33.2,33.2,33.3,33.6,33.6,"1.7","0","","1","",33.38,"10312A-3"
220.514525462963,0.00538032441018028,0.224582266269151,1.71464507087974e-13,220.516956018519,"10665A",1,"QUAL","QUERCUS",4.66,32.67,17.77,NA,14.9,0.53,"8/9/2022","13:20:25",33.4,32.7,33,33.3,33.5,"3.4","1","n","0","",33.18,"10665A-1"
220.517534722222,-0.0012362989697526,0.0162016977315214,0.0618372273458307,220.519965277778,"10665A",2,"QUAL","QUERCUS",4.68,27.83,14.58,NA,13.25,0.57,"8/9/2022","13:24:45",33.5,33.9,34.1,34.2,34.4,"3.4","1","n","0","",34.02,"10665A-2"
221.438113425926,0.00123236480015327,0.0142498439388876,0.0800324181731831,221.440543981481,"70723A",1,"QUVE","QUERCUS",4.66,29.62,15.1,NA,14.52,0.58,"8/10/2022","11:30:23",32.8,32.3,32.2,32.2,32.3,"","1","","0","",32.36,"70723A-1"
221.441319444444,-0.00352897285979306,0.154734613817978,2.08604526667782e-09,221.44375,"61139A",4,"QUFA","QUERCUS",4.66,34.87,10.84,NA,24.03,0.8,"8/10/2022","11:35:00",30.4,31.4,31.5,31.5,31.5,"7.8 (3 to 4), 4.7 (3 to 2)","1","","0","",31.26,"61139A-4"
221.444386574074,-0.00317279529054316,0.145305084885501,7.04297585192046e-09,221.44681712963,"61139A",3,"QUFA","QUERCUS",4.64,27.73,10.44,NA,17.29,0.75,"8/10/2022","11:39:25",31.9,31.9,31.9,32,32,"7.8 (3 to 4), 4.7 (3 to 2)","1","","0","",31.94,"61139A-3"
221.447627314815,-0.000473835043322221,0.00384846777521924,0.364235772631397,221.45005787037,"61139A",2,"QUFA","QUERCUS",4.65,30.27,21.47,NA,8.8,0.34,"8/10/2022","11:44:05",31.7,31.8,31.9,31.9,32,"7.8 (3 to 4), 4.7 (3 to 2)","1","","0","",31.86,"61139A-2"
221.450636574074,-0.00457639850371822,0.263828251434766,6.12198789785102e-16,221.45306712963,"70002B",5,"CATO6","CATO6",4.67,24.79,8.14,NA,16.65,0.83,"8/10/2022","11:48:25",31.7,31.6,31.7,31.7,31.8,"1.6 (4 to 3), 2.9 (4 to 5)","1","","0","",31.7,"70002B-5"
221.453761574074,0.0146233315194038,0.79684831818143,5.27001732533741e-76,221.45619212963,"70002B",3,"CATO6","CATO6",4.67,25.07,9.61,NA,15.46,0.76,"8/10/2022","11:52:55",31.7,31.9,32.1,32.2,32.3,"1.6 (4 to 3), 2.9 (4 to 5)","1","","0","",32.04,"70002B-3"
221.456770833333,0.0392567266913295,0.969621503935322,2.3848034058191e-164,221.459201388889,"70002B",4,"CATO6","CATO6",4.67,26.42,7.87,NA,18.55,0.85,"8/10/2022","11:57:15",31.9,31.7,31.7,31.8,31.9,"1.6 (4 to 3), 2.9 (4 to 5)","1","","1","",31.8,"70002B-4"
221.459837962963,-0.00105208903531511,0.0157494388497409,0.0656213948443585,221.462268518519,"60291A",5,"LIST2","LIST2",4.65,27.47,11.17,NA,16.3,0.71,"8/10/2022","12:01:40",32,32.2,32.3,32.4,32.6,"2.7","1","","0","",32.3,"60291A-5"
221.462847222222,-0.000187059004214771,0.000639966045739843,0.711607249774378,221.465277777778,"60291A",4,"LIST2","LIST2",4.67,30.55,7.72,NA,22.83,0.88,"8/10/2022","12:06:00",32.1,31.4,31.4,31.5,31.7,"2.7","1","","0","",31.62,"60291A-4"
221.465856481481,0.00171101715099394,0.0470888699542177,0.00133174055764205,221.468287037037,"60636A",3,"COFL2","COFL2",4.68,32.43,10.92,NA,21.51,0.78,"8/10/2022","12:10:20",32,32.2,32.2,32.3,32.4,"1.8","1","","0","",32.22,"60636A-3"
221.468923611111,-0.00236061655939795,0.0878939932739656,9.33834520508321e-06,221.471354166667,"60636A",5,"COFL2","COFL2",4.67,24.72,9.97,NA,14.75,0.74,"8/10/2022","12:14:45",32.4,32.5,32.7,32.9,33,"1.8","1","","0","",32.7,"60636A-5"
221.47193287037,0.000209681457861527,0.000765259179486659,0.686003615354338,221.474363425926,"60856A",3,"COFL2","COFL2",4.65,27.98,8.22,NA,19.76,0.85,"8/10/2022","12:19:05",32.7,32.3,32.3,32.4,32.4,"1.2","0","","0","",32.42,"60856A-3"
221.47494212963,-0.00185666431821184,0.0547455668927399,0.000526197202318239,221.477372685185,"60856A",4,"COFL2","COFL2",4.67,19.41,6.41,NA,13,0.88,"8/10/2022","12:23:25",32.5,32.7,32.8,32.9,33.1,"1.2","0","","0","",32.8,"60856A-4"
221.477986111111,-0.000201650834125977,0.000670861454591048,0.705044332646179,221.480416666667,"60282A",5,"CATO6","CATO6",4.67,23.67,6.96,NA,16.71,0.88,"8/10/2022","12:27:48",33.1,33.4,33.5,33.4,33.6,"2 (2 to 5), 2.1 (2 to 3)","1","","0","",33.4,"60282A-5"
221.480983796296,0.00765419228102952,0.487547775802578,6.65335466792495e-33,221.483414351852,"60282A",3,"CATO6","CATO6",4.68,28.07,8.5,NA,19.57,0.84,"8/10/2022","12:32:07",33.1,32.9,33,33,33.1,"2 (2 to 5), 2.1 (2 to 3)","1","","0","",33.02,"60282A-3"
221.484027777778,0.0245095131091082,0.909983073347621,7.39942355839015e-114,221.486458333333,"60282A",2,"CATO6","CATO6",4.66,24.18,9.89,NA,14.29,0.73,"8/10/2022","12:36:30",32.8,32.6,32.8,32.9,33,"2 (2 to 5), 2.1 (2 to 3)","1","","0","",32.82,"60282A-2"
221.486990740741,7.40249067094001e-05,9.54730326605484e-05,0.886468376350296,221.489421296296,"60227A",2,"LITU","LITU",4.7,13.68,8.6,NA,5.08,0.57,"8/10/2022","12:40:46",32.2,32.4,32.8,33,33.1,"7.6","1","","0","",32.7,"60227A-2"
221.490046296296,-0.00170196208463346,0.0532965152373264,0.000627217707773367,221.492476851852,"60227A",3,"LITU","LITU",4.66,36.93,12.72,4.69,28.9,0.9,"8/10/2022","12:45:10",32.7,32.4,32.4,32.6,32.7,"7.6","1","","0","",32.56,"60227A-3"
221.493113425926,-0.00203994850325774,0.0522659373876195,0.000710675416740065,221.495543981481,"60223A",3,"LIST2","LIST2",4.65,21.79,8.94,NA,12.85,0.75,"8/10/2022","12:49:35",32.5,32.6,32.8,33,33.3,"1.5","0","","0","",32.84,"60223A-3"
221.498726851852,0.0308607290315095,0.93936681520446,3.16001568066409e-132,221.501157407407,"60223A",2,"LIST2","LIST2",4.65,19.39,14.65,NA,4.74,0.32,"8/10/2022","12:57:40",34.3,34.2,34.3,34.4,34.6,"1.5","0","","0","",34.36,"60223A-2"
221.501851851852,-0.00225150385991891,0.0841626095986156,1.47427237604458e-05,221.504282407407,"60470A",3,"LITU","LITU",4.67,24.48,7.61,NA,16.87,0.85,"8/10/2022","13:02:10",33.6,33.4,33.7,33.8,33.9,"1.9","1","","0","",33.68,"60470A-3"
221.505208333333,-0.00380724871639213,0.212157204378026,9.65512782559872e-13,221.507638888889,"60470A",2,"LITU","LITU",4.67,15.42,11.67,NA,3.75,0.35,"8/10/2022","13:07:00",33.4,34.3,34.6,34.8,35,"1.9","1","","0","",34.42,"60470A-2"
221.514236111111,-0.00196803644993289,0.0575594955015903,0.00037416370487279,221.516666666667,"60813A",3,"COFL2","COFL2",4.7,30.37,12.03,NA,18.34,0.71,"8/10/2022","13:20:00",33.2,33.2,33.5,33.7,33.9,"","0","","0","",33.5,"60813A-3"
221.517650462963,-0.00238004011912252,0.0853301520122563,1.27812618876785e-05,221.520081018519,"60622A",2,"COFL2","COFL2",4.69,28.16,13.95,NA,14.21,0.61,"8/10/2022","13:24:55",33,33.7,33.8,33.9,34,"","0","","0","",33.68,"60622A-2"
221.520833333333,0.0158579729987333,0.766143179630999,1.86686793718754e-69,221.523263888889,"60617A",3,"COFL2","COFL2",4.7,26.6,9.82,NA,16.78,0.77,"8/10/2022","13:29:30",33.4,33.5,33.7,33.8,34,"","0","","0","",33.68,"60617A-3"
221.524016203704,-0.00116618346350011,0.0157723137417809,0.0654242230200171,221.526446759259,"60393A",3,"LITU","LITU",4.7,31.33,8.97,NA,22.36,0.84,"8/10/2022","13:34:05",32.8,33.3,33.5,33.6,33.7,"1.8 (4 to 3), 3.3 (4 to 2) ","1","","0","",33.38,"60393A-3"
221.527141203704,0.0103646571518522,0.642000272367985,1.24966209129308e-49,221.529571759259,"60393A",2,"LITU","LITU",4.69,25.9,15.41,NA,10.49,0.49,"8/10/2022","13:38:35",34.1,34.1,34.2,34.3,34.4,"1.8 (4 to 3), 3.3 (4 to 2) ","1","","0","",34.22,"60393A-2"
221.530324074074,-0.00134062891762452,0.0274990983259375,0.0146894139130921,221.53275462963,"60393A",4,"LITU","LITU",4.68,21.32,7.4,NA,13.92,0.84,"8/10/2022","13:43:10",33.4,33.2,33.5,33.6,33.8,"1.8 (4 to 3), 3.3 (4 to 2) ","1","","0","",33.5,"60393A-4"
221.533506944444,0.00163461212518029,0.0441550861270614,0.00190210493647741,221.5359375,"61008A",3,"QUERC","QUERCUS",4.69,24.53,8.51,NA,16.02,0.81,"8/10/2022","13:47:45",32.9,33.4,33.5,33.5,33.6,"3.8","1","","0","",33.38,"61008A-3"
221.536574074074,-0.00220196291473132,0.0841962373064769,1.46822445275238e-05,221.53900462963,"61008A",4,"QUERC","QUERCUS",4.69,28.51,8.95,NA,19.56,0.82,"8/10/2022","13:52:10",33,33.5,33.7,33.9,34,"3.8","1","","0","",33.62,"61008A-4"
222.414409722222,0.00280942515367293,0.116460583997316,2.72394899076285e-07,222.416840277778,"30424A",2,"QUAL","QUERCUS",4.65,37.46,21.9,NA,15.56,0.47,"8/11/2022","10:56:15",27.9,27.8,27.9,28.1,28.2,"3.7","0","n","0","",27.98,"30424A-2"
222.417476851852,-0.000405065594528695,0.00318318467479419,0.409347099724512,222.419907407407,"30424A",3,"QUAL","QUERCUS",4.63,24.76,7.27,NA,17.49,0.87,"8/11/2022","11:00:40",28.1,28.3,28.4,28.5,28.6,"3.7","0","n","0","",28.38,"30424A-3"
222.420601851852,0.000479444451806243,0.00286339252948086,0.433955698887624,222.423032407407,"30624A",4,"LIST2","LIST2",4.66,29.05,11.46,4.64,22.23,0.91,"8/11/2022","11:05:10",28.5,28.6,28.8,28.9,29.1,"","0","","0","",28.78,"30624A-4"
222.423668981481,0.000131822532441692,0.000339865070610983,0.787625642468124,222.426099537037,"30618A",3,"LITU","LITU",4.65,30.47,7.94,NA,22.53,0.87,"8/11/2022","11:09:35",28.8,29.2,29.3,29.4,29.6,"6","0","","0","",29.26,"30618A-3"
222.426736111111,0.000634509952178692,0.00560939973826781,0.273125297192058,222.429166666667,"30618A",2,"LITU","LITU",4.63,28.22,12.25,4.66,20.63,0.87,"8/11/2022","11:14:00",28.8,28.6,28.7,28.8,29,"6","0","","0","",28.78,"30618A-2"
222.429803240741,0.000817569240037101,0.0113307750419488,0.118809713925263,222.432233796296,"20500B",1,"LIST2","LIST2",4.66,28.35,13.81,NA,14.54,0.61,"8/11/2022","11:18:25",28.7,28.8,29,29.1,29.1,"","0","","0","",28.94,"20500B-1"
222.432928240741,-0.00196979909042797,0.0574384353294443,0.000379692867308602,222.435358796296,"30438A",3,"LIST2","LIST2",4.67,18.02,8.36,NA,9.66,0.72,"8/11/2022","11:22:55",29.1,29.3,29.6,29.8,30,"","0","n","0","",29.56,"30438A-3"
222.436053240741,-0.000947357920115505,0.0173101208775084,0.0535044047281693,222.438483796296,"20587A",3,"LIST2","LIST2",4.68,15.33,10.38,NA,4.95,0.46,"8/11/2022","11:27:25",29.7,29.9,30,30.3,30.5,"","0","","0","",30.08,"20587A-3"
222.43912037037,0.00311761337627915,0.12228439472722,1.31219082301309e-07,222.441550925926,"20488A",3,"COFL2","COFL2",4.64,27.75,8.86,NA,18.89,0.82,"8/11/2022","11:31:50",29.5,29.3,29.5,29.8,29.8,"2.4 (2 to 3), 2.9 (2 to 4)","1","","0","",29.58,"20488A-3"
222.442152777778,0.00121805621838902,0.024426060385511,0.0215748346601906,222.444583333333,"20488A",4,"COFL2","COFL2",4.62,23.55,8.23,NA,15.32,0.81,"8/11/2022","11:36:12",29.5,29.6,29.8,29.9,30,"2.4 (2 to 3), 2.9 (2 to 4)","1","","0","",29.76,"20488A-4"
222.445185185185,0.327082084444937,0.999408050055217,0,222.447615740741,"20488A",2,"COFL2","COFL2",4.66,31.43,18.58,4.66,17.51,0.65,"8/11/2022","11:40:34",29.8,29.8,29.8,29.8,29.9,"2.4 (2 to 3), 2.9 (2 to 4)","1","","0","",29.82,"20488A-2"
222.448263888889,0.00175791986379301,0.0495125449928696,0.000992377306323378,222.450694444444,"20887A",4,"CATO6","CATO6",4.66,30.4,8.57,NA,21.83,0.85,"8/11/2022","11:45:00",29.5,29.4,29.5,29.7,29.8,"4.4","0","","0","",29.58,"20887A-4"
222.451388888889,-0.0014512251013218,0.0394025520495251,0.00339360951303297,222.453819444444,"20887A",5,"CATO6","CATO6",4.61,34.95,21.21,NA,13.74,0.45,"8/11/2022","11:49:30",29.6,29.5,29.6,29.7,29.8,"4.4","0","","0","",29.64,"20887A-5"
222.454398148148,-0.000983573731092988,0.0154433057914455,0.068321646430701,222.456828703704,"20151A",3,"CATO6","CATO6",4.66,33.9,14.77,NA,19.13,0.65,"8/11/2022","11:53:50",29.5,29.6,29.6,29.5,29.6,"","0","","0","",29.56,"20151A-3"
222.457581018519,0.000936861137254786,0.0180818388532973,0.048406233556622,222.460011574074,"21253A",5,"CATO6","CATO6",4.66,20.24,7.47,NA,12.77,0.82,"8/11/2022","11:58:25",29.4,29.3,29.4,29.5,29.6,"","0","","0","",29.44,"21253A-5"
222.460590277778,0.000250593802415107,0.00118897964557595,0.614273271081472,222.463020833333,"20354B",5,"QUAL","QUERCUS",4.67,20.41,8.07,NA,12.34,0.78,"8/11/2022","12:02:45",29.4,29.7,29.8,29.8,29.8,"","1","","0","",29.7,"20354B-5"
222.463657407407,-0.000961250877343853,0.0164836158173414,0.0595956788166868,222.466087962963,"21541B",5,"QURU","QUERCUS",4.68,29.1,9.62,NA,19.48,0.8,"8/11/2022","12:07:10",29.6,29.8,29.9,30,30,"5.3","0","","0","",29.86,"21541B-5"
222.466666666667,0.0318666244571992,0.947631741970038,4.876235371606e-139,222.469097222222,"21541B",2,"QURU","QUERCUS",4.67,27.6,20.69,NA,6.91,0.3,"8/11/2022","12:11:30",29.7,29.7,29.8,29.8,29.9,"5.3","0","","1","",29.78,"21541B-2"
222.469675925926,0.00118879561824819,0.0266718699808684,0.0162852606307796,222.472106481481,"21541A",4,"QURU","QUERCUS",4.68,28.2,10.01,NA,18.19,0.77,"8/11/2022","12:15:50",29.6,29.6,29.7,29.7,29.8,"4.2","1","","0","",29.68,"21541A-4"
222.472685185185,0.00040555023311733,0.00297339960715231,0.425247217782822,222.475115740741,"21541A",5,"QURU","QUERCUS",4.68,28.09,11.66,NA,16.43,0.7,"8/11/2022","12:20:10",29.4,29.1,29.3,29.5,29.6,"4.2","1","","0","",29.38,"21541A-5"
222.475752314815,0.00123133575792574,0.0231876347881384,0.025217390415603,222.47818287037,"20260A",2,"COFL2","COFL2",4.65,20.61,13.59,NA,7.02,0.44,"8/11/2022","12:24:35",29.5,29.5,29.7,29.7,29.7,"1.3 (3 to 2), 2.5 (3 to 5)","0","n","0","",29.62,"20260A-2"
222.478819444444,-0.000230073609574879,0.00103882928054162,0.637591474671126,222.48125,"20260A",5,"COFL2","COFL2",4.68,29.84,11.71,NA,18.13,0.72,"8/11/2022","12:29:00",29.3,29.1,29.2,29.4,29.4,"1.3 (3 to 2), 2.5 (3 to 5)","0","","0","",29.28,"20260A-5"
222.481828703704,0.000552278352793124,0.00562221320720073,0.272576619992108,222.484259259259,"20260A",3,"COFL2","COFL2",4.66,28.47,11.98,NA,16.49,0.69,"8/11/2022","12:33:20",29.4,29.5,29.5,29.6,29.6,"1.3 (3 to 2), 2.5 (3 to 5)","0","","0","",29.52,"20260A-3"
