"Time_start","flux.CO2","R2.CO2","p.CO2","fDOY_end","PIECETAG","decay_class","SPCODE_all","species","bag_tare","fresh_mass","dry_mass","new_bag_tare","moisture_content_g","moisture_percentage_g","measure_day","resp_start","resp_t0","resp_t1","resp_t2","resp_t3","resp_t4","samp_distance_m","fruiting_bods","ground_cont","termite","notes","avg_respT","PIECETAG_DC"
212.470648148148,0.120143620632231,0.998949361383526,1.07607497664223e-320,212.473078703704,"40808A",2,"COFL2","COFL2",5.73,25.13,20.22,NA,4.91,0.25,"8/1/2022","12:17:14",27.5,27.8,27.9,28,28.2,"1.35","0","","0","",27.88,"40808A-2"
212.474189814815,0.182074018689682,0.999747879868108,0,212.47662037037,"40808A",3,"COFL2","COFL2",NA,27.53,10.41,NA,17.12,0.62,"8/1/2022","12:22:20",27.3,27.1,27.1,27.4,27.6,"1.35","0","","0","",27.3,"40808A-3"
212.477476851852,0.12688386403793,0.999611691473159,0,212.479907407407,"40391A",3,"ACRU","ACRU",5.73,32.13,9.72,NA,22.41,0.85,"8/1/2022","12:27:04",28.1,28.2,28.4,28.6,28.8,"","0","","0","",28.42,"40391A-3"
212.480740740741,0.096434282017273,0.999254728326265,0,212.483171296296,"41871A",3,"ACRU","ACRU",6.99,27.64,22.04,NA,5.6,0.27,"8/1/2022","12:31:46",27,28.9,29.2,29.4,29.6,"3.87 (3 to 4), 1.97 (4 to 5)","0","","0","",28.82,"41871A-3"
212.483969907407,0.338463934740572,0.999774909931333,0,212.486400462963,"41871A",4,"ACRU","ACRU",6.98,22.63,11.62,NA,11.01,0.7,"8/1/2022","12:36:25",28.7,29.1,29.5,29.6,29.7,"3.87 (3 to 4), 1.97 (4 to 5)","0","","0","",29.32,"41871A-4"
212.486990740741,0.168004530832731,0.999572644474639,0,212.489421296296,"41871A",5,"ACRU","ACRU",7,25.47,10.62,NA,14.85,0.8,"8/1/2022","12:40:46",29.4,29.3,29.4,29.8,30,"3.87 (3 to 4), 1.97 (4 to 5)","0","","0","",29.58,"41871A-5"
212.490162037037,0.350520884127593,0.999873117808848,0,212.492592592593,"40983A",2,"CATO6","CATO6",5.72,39.28,14.22,NA,25.06,0.75,"8/1/2022","12:45:20",28.1,28.5,28.6,28.7,28.7,"","1","","0","",28.52,"40983A-2"
212.493518518519,0.310422789612393,0.999890343500321,0,212.495949074074,"41135A",4,"LITU","LITU",7.02,36.69,13.09,NA,23.6,0.8,"8/1/2022","12:50:10",27.1,28.1,28.3,28.2,28.5,"2.6","0","","0","",28.04,"41135A-4"
212.496666666667,0.117004023610902,0.999422453822718,0,212.499097222222,"41135A",5,"LITU","LITU",7.01,31.03,12.75,NA,18.28,0.76,"8/1/2022","12:54:42",28.3,28.9,29,29.3,29.5,"2.6","0","","0","",29,"41135A-5"
212.499953703704,0.0963716026799696,0.998050715277585,5.66631148966898e-292,212.502384259259,"41308B",4,"ACRU","ACRU",7,25.5,9.12,NA,16.38,0.89,"8/1/2022","12:59:26",29.5,29.5,29.7,29.9,30.1,"","1","","0","",29.74,"41308B-4"
212.503020833333,0.352947483098028,0.999897625370074,0,212.505451388889,"41133A",2,"QUAL","QUERCUS",6.94,33.05,16.01,NA,17.04,0.65,"8/1/2022","13:03:51",29,29,29.2,29.4,29.6,"","1","","0","",29.24,"41133A-2"
212.506180555556,0.116624825671571,0.999405062847713,0,212.508611111111,"41922B",4,"LIST2","LIST2",6.99,22.25,8.9,NA,13.35,0.87,"8/1/2022","13:08:24",29.6,30.2,30.3,30.4,30.6,"1","0","","0","",30.22,"41922B-4"
212.509340277778,0.116228383193252,0.998931858833249,6.30625390351767e-320,212.511770833333,"41922B",5,"LIST2","LIST2",7.05,24.43,9.45,NA,14.98,0.86,"8/1/2022","13:12:57",29.8,30.2,30.4,30.6,30.6,"1","0","","0","",30.32,"41922B-5"
212.512569444444,0.165480857916757,0.999527061102049,0,212.515,"40962B",5,"COFL2","COFL2",5.74,39.34,24.67,NA,14.67,0.44,"8/1/2022","13:17:36",29.4,29.6,29.8,30,30,"","0","","0","",29.76,"40962B-5"
212.515625,0.131302510307499,0.999434295714481,0,212.518055555556,"41732A",4,"QUAL","QUERCUS",6.99,32.13,24.55,NA,7.58,0.3,"8/1/2022","13:22:00",29.9,30.6,30.8,30.9,31,"","0","","0","",30.64,"41732A-4"
212.518865740741,0.206593322726377,0.999831174744082,0,212.521296296296,"41952B",3,"ACRU","ACRU",7,36.62,14.75,NA,21.87,0.74,"8/1/2022","13:26:40",30.1,29.9,30,29.9,30.2,"","0","","0","",30.02,"41952B-3"
212.522314814815,0.0716494087235808,0.998903721763335,1.01856573546631e-318,212.52474537037,"41901A",4,"QUAL","QUERCUS",7.01,39.88,13.76,NA,26.12,0.79,"8/1/2022","13:31:38",29,29,29.1,29,29.4,"","0","","0","",29.1,"41901A-4"
212.525416666667,0.141318063016342,0.999692647684302,0,212.527847222222,"41952A",4,"ACRU","ACRU",6.95,30.76,12.1,NA,18.66,0.78,"8/1/2022","13:36:06",29.3,30,30.3,30.4,30.5,"","0","","0","",30.1,"41952A-4"
213.514930555556,0.219308796653984,0.999852413185457,0,213.517361111111,"42835A",4,"CATO6","CATO6",3.98,31.79,13.21,NA,18.58,0.67,"8/2/2022","13:21:00",30.5,30.9,31,31.2,31.4,"","0","","0","",31,"42835A-4"
213.518171296296,0.122238618469794,0.999660368913949,0,213.520601851852,"42706A",5,"LITU","LITU",3.85,28.98,16.32,7,19.66,0.78,"8/2/2022","13:25:40",31.4,30.9,31.5,31.6,32.1,"","0","","0","bag broke, new bag for drying",31.5,"42706A-5"
213.521643518519,0.229605880470783,0.999876967289881,0,213.524074074074,"43741A",3,"LIST2","LIST2",3.81,35.14,12.27,NA,22.87,0.73,"8/2/2022","13:30:40",29.1,30,31.4,31.8,31.9,"4","0","","0","",30.84,"43741A-3"
213.525,0.26425272649303,0.999886500064953,0,213.527430555556,"43741A",2,"LIST2","LIST2",3.9,40.85,23.19,NA,17.66,0.48,"8/2/2022","13:35:30",32,31.7,31.8,32.1,32.2,"4","0","","0","",31.96,"43741A-2"
213.528240740741,0.295731604902571,0.999878201029808,0,213.530671296296,"42528A",4,"CATO6","CATO6",3.93,29.09,8.86,NA,20.23,0.8,"8/2/2022","13:40:10",30.8,30.3,30.4,30.8,31.4,"2.5","1","","0","",30.74,"42528A-4"
213.531481481481,0.250728863868568,0.999754745056505,0,213.533912037037,"42528A",5,"CATO6","CATO6",3.78,23.64,13.03,4.07,14.68,0.74,"8/2/2022","13:44:50",31.2,32,32.4,32.7,32.8,"2.5","1","","0","bag broke, new bag for drying",32.22,"42528A-5"
213.534780092593,0.232668312761663,0.999779009436218,0,213.537210648148,"41634A",5,"CATO6","CATO6",3.86,23.84,9.29,NA,14.55,0.73,"8/2/2022","13:49:35",31.7,31.7,31.9,31.9,32,"2.4","1","","0","",31.84,"41634A-5"
213.538368055556,0.393169769098815,0.999921106196317,0,213.540798611111,"41634A",4,"CATO6","CATO6",3.82,28.97,9.06,NA,19.91,0.79,"8/2/2022","13:54:45",31,32,32.1,32.3,32.4,"2.4","1","","0","",31.96,"41634A-4"
213.541550925926,0.543247332271238,0.999894612292024,0,213.543981481481,"161410A",4,"LITU","LITU",3.83,25.85,8.28,NA,17.57,0.8,"8/2/2022","13:59:20",32.4,32.5,32.5,32.1,32.7,"","0","","0","",32.44,"161410A-4"
213.544675925926,0.386557272777916,0.99988670552586,0,213.547106481481,"81312A",2,"QUVE","QUERCUS",3.97,27.35,15.7,NA,11.65,0.5,"8/2/2022","14:03:50",32.3,31.9,32,32.2,32.3,"10.8","0","","0","",32.14,"81312A-2"
213.54775462963,0.213241852040876,0.999803094047589,0,213.550185185185,"81312A",3,"QUVE","QUERCUS",3.81,31.93,17.9,NA,14.03,0.5,"8/2/2022","14:08:16",32.2,32.1,32.2,32.6,32.6,"10.8","0","","0","",32.34,"81312A-3"
213.550787037037,0.0646855835637822,0.998871203584215,2.32455811292594e-317,213.553217592593,"80528A",2,"LIST2","LIST2",3.92,25.53,19.21,NA,6.32,0.29,"8/2/2022","14:12:38",30.1,32,32.2,32.4,31.7,"3.8","0","","0","",31.68,"80528A-2"
213.553958333333,0.316224127632933,0.999932932579633,0,213.556388888889,"80528A",3,"LIST2","LIST2",3.9,38.14,16.36,NA,21.78,0.64,"8/2/2022","14:17:12",31.8,31.5,31.7,31.9,31.6,"3.8","0","","0","",31.7,"80528A-3"
213.556886574074,0.159737467493583,0.999779040450243,0,213.55931712963,"80891A",5,"QUVE","QUERCUS",3.91,33.93,9.84,NA,24.09,0.8,"8/2/2022","14:21:25",31.7,31.7,31.8,32.1,32.1,"1.2 (5 to 3), 3.7 (5 to 4)","0","","0","",31.88,"80891A-5"
213.559953703704,0.0853864531708336,0.999110363156902,0,213.562384259259,"80891A",4,"QUVE","QUERCUS",3.92,37.26,15.39,4.31,26.18,0.79,"8/2/2022","14:25:50",31.5,32,31.9,32.1,32.1,"1.2 (5 to 3), 3.7 (5 to 4)","0","","0","",31.92,"80891A-4"
213.562951388889,0.181681339023589,0.994973724060243,5.89748570336969e-248,213.565381944444,"80891A",3,"QUVE","QUERCUS",3.97,22.93,9.79,NA,13.14,0.69,"8/2/2022","14:30:09",32.1,32.3,32.3,32.5,32.7,"1.2 (5 to 3), 3.7 (5 to 4)","0","","0","",32.38,"80891A-3"
213.566111111111,0.237758305045262,0.999880784193015,0,213.568541666667,"80339B",4,"LIST2","LIST2",3.9,32.4,7.42,NA,24.98,0.88,"8/2/2022","14:34:42",32.3,31.9,31.9,32.2,32.2,"9.1","0","","0","",32.1,"80339B-4"
213.568472222222,-0.00951140767810048,0.00195333203493061,0.518214435050026,213.570902777778,"80339B",5,"LIST2","LIST2",3.85,21.89,7.93,NA,13.96,0.77,"8/2/2022","14:38:06",32,31.6,31.9,32,32,"9.1","0","","0","",31.9,"80339B-5"
213.572199074074,0.0766963613027427,0.999181232630188,0,213.57462962963,"160517B",3,"QUVE","QUERCUS",3.79,15.21,9.75,3.98,9.44,0.83,"8/2/2022","14:43:28",31.6,31.9,31.9,31.9,32.3,"2.7","1","","0","",31.92,"160517B-3"
213.575219907407,0.154741731360348,0.999801521206537,0,213.577650462963,"160517B",2,"QUVE","QUERCUS",3.77,29.92,18.96,4.28,15.24,0.58,"8/2/2022","14:47:49",30.7,30.7,31.1,31.3,31.7,"2.7","1","","0","",31.1,"160517B-2"
213.578356481481,0.054713183322968,0.998731500463199,6.14557302740795e-312,213.580787037037,"71313A",4,"QUAL","QUERCUS",4.04,25.09,8.23,NA,16.86,0.8,"8/2/2022","14:52:20",31.6,31.7,32,32.2,32.3,"3.9","1","","0","",31.96,"71313A-4"
213.581423611111,0.115563933544545,0.984615122648516,5.73618658696978e-196,213.583854166667,"71313A",5,"QUAL","QUERCUS",3.91,29.17,9.22,NA,19.95,0.79,"8/2/2022","14:56:45",32,32.2,32.2,32.4,32.6,"3.9","1","","0","",32.28,"71313A-5"
213.58443287037,0.248820366556626,0.999489049137175,0,213.586863425926,"80360A",2,"CATO6","CATO6",3.84,23.13,17.22,NA,5.91,0.31,"8/2/2022","15:01:05",32.7,33.2,33.4,33.5,33.5,"2.3","1","","0","",33.26,"80360A-2"
213.587511574074,0.239088108508502,0.999871902783034,0,213.58994212963,"80360A",3,"CATO6","CATO6",3.94,28.86,8.53,NA,20.33,0.82,"8/2/2022","15:05:31",32.4,31.2,32,32.2,32.5,"2.3","1","","0","",32.06,"80360A-3"
213.590532407407,0.146767304154025,0.999462885648111,0,213.592962962963,"70561A",2,"COFL2","COFL2",3.87,24.96,19.32,NA,5.64,0.27,"8/2/2022","15:09:52",32.3,33,33.2,33.4,33.6,"","0","","0","",33.1,"70561A-2"
213.593587962963,0.236930437751567,0.999718546809925,0,213.596018518519,"80378A",2,"COFL2","COFL2",3.94,33.39,20.92,NA,12.47,0.42,"8/2/2022","15:14:16",30.7,30.5,30.9,31.1,31.3,"","0","n","0","",30.9,"80378A-2"
213.596643518519,0.293378367999124,0.999865296888148,0,213.599074074074,"41017A",5,"CATO6","CATO6",3.86,30.9,7.66,NA,23.24,0.86,"8/2/2022","15:18:40",31.7,31.7,32.2,32.7,32.7,"","0","","0","",32.2,"41017A-5"
213.602951388889,0.26982324878025,0.999856088131762,0,213.605381944444,"41481A",2,"QURU","QUERCUS",3.87,28.68,18.05,NA,10.63,0.43,"8/2/2022","15:27:45",30.9,31.6,NA,34,34,"1.5","0","n","0","",32.625,"41481A-2"
213.602951388889,0.26982324878025,0.999856088131762,0,213.605381944444,"41481A",2,"QURU","QUERCUS",3.87,28.68,18.05,NA,10.63,0.43,"8/2/2022","15:27:45",30.9,31.6,NA,34,34,"1.5","0","n","0","",32.625,"41481A-2"
213.609108796296,0.0974090272097005,0.999614716069915,0,213.611539351852,"41481A",3,"QURU","QUERCUS",3.85,31.71,12.51,NA,19.2,0.69,"8/2/2022","15:36:37",32.7,32.8,33,33.1,33.2,"1.5","0","","0","",32.96,"41481A-3"
213.609108796296,0.0974090272097005,0.999614716069915,0,213.611539351852,"41481A",3,"QURU","QUERCUS",3.85,31.71,12.51,NA,19.2,0.69,"8/2/2022","15:36:37",32.7,32.8,33,33.1,33.2,"1.5","0","","0","",32.96,"41481A-3"
213.613946759259,0.0813902492202019,0.99951850420744,0,213.616377314815,"161567A",5,"QUPA2","QUERCUS",3.94,23.3,7.25,NA,16.05,0.83,"8/2/2022","15:43:35",33.1,32.5,32.6,32.6,32.5,"5 (5 to 3), 4.6 (5 to 4)","1","","0","",32.66,"161567A-5"
213.6171875,0.055166685874009,0.997476236489472,5.70132427557824e-280,213.619618055556,"161567A",4,"QUPA2","QUERCUS",3.84,34.23,8.29,NA,25.94,0.85,"8/2/2022","15:48:15",28.5,29.4,29.7,29.9,30,"5 (5 to 3), 4.6 (5 to 4)","1","","0","",29.5,"161567A-4"
213.62025462963,0.0449089403081017,0.994210991511638,2.16831701684342e-241,213.622685185185,"161567A",3,"QUPA2","QUERCUS",3.86,35.3,9.99,NA,25.31,0.81,"8/2/2022","15:52:40",30.5,31.2,31.2,31.2,31.1,"5 (5 to 3), 4.6 (5 to 4)","1","","0","",31.04,"161567A-3"
213.62337962963,0.15589529603124,0.999612728636879,0,213.625810185185,"162074A",2,"LIST2","LIST2",3.79,14.26,9.89,NA,4.37,0.42,"8/2/2022","15:57:10",30.5,30.9,30.9,30.9,31.1,"1.4 (4 to 3), 3.7 (4 to 2)","0","","0","",30.86,"162074A-2"
213.626446759259,0.225250562346149,0.999811991310722,0,213.628877314815,"162074A",3,"LIST2","LIST2",3.93,24.64,10.8,NA,13.84,0.67,"8/2/2022","16:01:35",30.5,30.4,30.5,30.6,30.6,"1.4 (4 to 3), 3.7 (4 to 2)","0","","0","",30.52,"162074A-3"
213.62962962963,0.164319163628428,0.999667858739303,0,213.632060185185,"71345A",3,"CATO6","CATO6",3.86,31.7,9.2,NA,22.5,0.81,"8/2/2022","16:06:10",30,29.9,29.9,29.9,29.9,"1.6","1","","0","",29.92,"71345A-3"
213.632777777778,0.27115196364138,0.999888396188455,0,213.635208333333,"71345A",4,"CATO6","CATO6",3.83,29.07,9.48,NA,19.59,0.78,"8/2/2022","16:10:42",29.7,29.9,30,30.1,30.1,"1.6","1","","0","",29.96,"71345A-4"
213.637094907407,0.210080025002373,0.999656280036333,0,213.639525462963,"71534A",3,"QUAL","QUERCUS",3.92,40.54,12.9,NA,27.64,0.75,"8/2/2022","16:16:55",30,29,29.2,29.3,29.6,"4.6","0","","1","",29.42,"71534A-3"
213.640162037037,0.116621650726011,0.999547016175842,0,213.642592592593,"71534A",4,"QUAL","QUERCUS",3.93,31.42,9.66,NA,21.76,0.79,"8/2/2022","16:21:20",29.1,29.5,NA,29.7,29.7,"4.6","0","","1","",29.5,"71534A-4"
214.491319444444,0.116434737980297,0.99922663431237,0,214.49375,"162074A",4,"LIST2","LIST2",3.82,28.06,6.05,NA,22.01,0.91,"8/3/2022","12:47:00",28.9,29.3,29.3,29.7,29.9,"1.4 (4 to 3), 3.7 (4 to 2)","0","","0","",29.42,"162074A-4"
214.494907407407,0.231895360108156,0.999726194720714,0,214.497337962963,"30264A",3,"QUFA","QUERCUS",4.21,24.09,14.85,4.25,13.49,0.68,"8/3/2022","12:52:10",30,30,30.1,30.3,30.4,"6.3 (3 to 4), 4.2 (3-2)","1","","0","",30.16,"30264A-3"
214.497974537037,0.0324034532137654,0.993587659438954,1.22569888458514e-236,214.500405092593,"30264A",2,"QUFA","QUERCUS",4.22,27.61,19.75,NA,7.86,0.34,"8/3/2022","12:56:35",30.4,30.5,30.8,30.8,31,"6.3 (3 to 4), 4.2 (3-2)","1","","0","",30.7,"30264A-2"
214.501099537037,0.142540783206613,0.999712027177034,0,214.503530092593,"30264A",4,"QUFA","QUERCUS",4.28,29.49,7.91,NA,21.58,0.86,"8/3/2022","13:01:05",30.4,30.2,30.3,30.3,30.5,"6.3 (3 to 4), 4.2 (3-2)","1","","0","",30.34,"30264A-4"
214.504456018519,0.206753349167565,0.9997720155124,0,214.506886574074,"30073A",3,"CATO6","CATO6",4.34,38.55,10.12,NA,28.43,0.83,"8/3/2022","13:05:55",28.3,29.1,29.4,29.5,29.7,"5.2","0","n","0","",29.2,"30073A-3"
214.507581018519,0.171077609210678,0.999700892570168,0,214.510011574074,"30073A",4,"CATO6","CATO6",4.27,30.35,7.9,NA,22.45,0.86,"8/3/2022","13:10:25",29.6,29.6,29.8,30,30,"5.2","0","","0","",29.8,"30073A-4"
214.510706018519,0.278182022780919,0.999886880702511,0,214.513136574074,"31496A",1,"LIST2","LIST2",4.29,34.78,10.28,NA,24.5,0.8,"8/3/2022","13:14:55",30.8,30.9,30.8,30.9,31,"5.7","1","","0","",30.88,"31496A-1"
214.513888888889,0.473687182737232,0.999947724415203,0,214.516319444444,"31496A",2,"LIST2","LIST2",4.08,36.19,15.68,NA,20.51,0.64,"8/3/2022","13:19:30",30.9,30.7,30.7,30.8,30.8,"5.7","1","","0","",30.78,"31496A-2"
214.5171875,0.194981334054453,0.999570303478855,0,214.519618055556,"30340A",5,"ACRU","ACRU",3.87,23.36,6.48,NA,16.88,0.87,"8/3/2022","13:24:15",30.7,30.7,30.7,30.7,30.8,"","0","","0","",30.72,"30340A-5"
214.52025462963,0.630033272369267,0.999345181746247,0,214.522685185185,"30340B",5,"ACRU","ACRU",4.24,33.82,8.24,NA,25.58,0.86,"8/3/2022","13:28:40",30.6,30.8,30.8,30.8,30.8,"3.7","0","","0","",30.76,"30340B-5"
214.52337962963,0.177268707268804,0.999476593920264,0,214.525810185185,"30340B",4,"ACRU","ACRU",3.81,40.29,10.15,NA,30.14,0.83,"8/3/2022","13:33:10",27.8,28.6,28.9,29.1,29.4,"3.7","0","","0","",28.76,"30340B-4"
214.526678240741,0.226516791875762,0.999778924115634,0,214.529108796296,"30242A",3,"LIST2","LIST2",4.29,28.32,9.83,NA,18.49,0.77,"8/3/2022","13:37:55",30.2,30.6,30.7,30.8,30.9,"5.5","0","","0","",30.64,"30242A-3"
214.529861111111,0.201448279730081,0.99981973353205,0,214.532291666667,"30242A",4,"LIST2","LIST2",3.83,31.22,12.42,7.94,26.74,0.98,"8/3/2022","13:42:30",27.8,29.1,31.2,31.4,31.4,"5.5","0","","0","",30.18,"30242A-4"
214.533101851852,0.192762743278498,0.999798372097159,0,214.535532407407,"40862A",3,"CATO6","CATO6",4.21,42.58,10.16,NA,32.42,0.84,"8/3/2022","13:47:10",29.5,30.5,31.2,31.5,31.6,"6.1","1","","0","",30.86,"40862A-3"
214.536400462963,0.306022689448983,0.999855860639631,0,214.538831018519,"40862A",4,"CATO6","CATO6",4.26,33.59,8.09,NA,25.5,0.87,"8/3/2022","13:51:55",31.3,31.3,31.4,31.4,31.6,"6.1","1","","0","",31.4,"40862A-4"
214.539594907407,0.31208141685963,0.999910537058371,0,214.542025462963,"40858B",3,"CATO6","CATO6",4.29,27.85,9.26,NA,18.59,0.79,"8/3/2022","13:56:31",31.7,32,32.2,32.3,32.3,"4.1","1","","0","",32.1,"40858B-3"
214.54275462963,0.173978772967469,0.999286064659161,0,214.545185185185,"40858B",4,"CATO6","CATO6",4.25,12.83,12.28,3.86,4.41,0.51,"8/3/2022","14:01:04",32.2,32.2,32.5,32.5,32.6,"4.1","1","","0","",32.4,"40858B-4"
214.545821759259,0.16951610288959,0.999784268168178,0,214.548252314815,"31089B",4,"LIST2","LIST2",4.31,28.71,11.57,NA,17.14,0.7,"8/3/2022","14:05:29",32.5,32.6,32.6,32.7,32.7,"1.7","1","","0","",32.62,"31089B-4"
214.549537037037,0.200143250755278,0.999802329271119,0,214.551967592593,"31089B",3,"LIST2","LIST2",4.27,31.42,8.03,NA,23.39,0.86,"8/3/2022","14:10:50",30.2,30.5,30.6,30.9,31.1,"1.7","1","","0","",30.66,"31089B-3"
214.552800925926,0.175644103858665,0.999784830291645,0,214.555231481481,"31504A",3,"COFL2","COFL2",4.14,39.57,17.26,NA,22.31,0.63,"8/3/2022","14:15:32",30.8,31.2,31.3,31.4,31.5,"2.2","0","","0","",31.24,"31504A-3"
214.555902777778,0.319099800407286,0.99988694618799,0,214.558333333333,"31504A",2,"COFL2","COFL2",4.13,35.76,20.71,NA,15.05,0.48,"8/3/2022","14:20:00",31.1,31.3,31.5,31.6,31.6,"2.2","0","","0","",31.42,"31504A-2"
214.559259259259,0.239448513120754,0.999799940755123,0,214.561689814815,"30154B",3,"LITU","LITU",4.22,24.75,9.38,NA,15.37,0.75,"8/3/2022","14:24:50",31,31.1,31.2,31.3,31.4,"1.1","0","","0","",31.2,"30154B-3"
214.56244212963,0.324753951173085,0.999908652698444,0,214.564872685185,"30154B",4,"LITU","LITU",4.29,26.13,10.9,3.92,19.15,0.88,"8/3/2022","14:29:25",31.3,31.3,31.4,31.4,31.5,"1.1","0","","0","",31.38,"30154B-4"
214.56556712963,0.294714357279983,0.999876001681283,0,214.567997685185,"40203B",3,"CATO6","CATO6",4.08,25.93,8.59,NA,17.34,0.79,"8/3/2022","14:33:55",31.6,31.9,32,32,32,"","1","","0","",31.9,"40203B-3"
214.569212962963,0.381800548394156,0.999822897080869,0,214.571643518519,"40203C",4,"CATO6","CATO6",4.04,27.25,8.18,NA,19.07,0.82,"8/3/2022","14:39:10",31.4,31.3,31.3,31.4,31.5,"","1","","0","",31.38,"40203C-4"
214.572511574074,0.127388075073806,0.999361756331466,0,214.57494212963,"40203D",5,"CATO6","CATO6",4.24,26.5,6.4,NA,20.1,0.9,"8/3/2022","14:43:55",31.2,31.3,31.3,31.4,31.4," ","1","","0","",31.32,"40203D-5"
214.575636574074,0.0198646483678802,0.969708975382789,1.75160619244262e-164,214.57806712963,"30606A",3,"LITU","LITU",4.23,19.96,15.26,NA,4.7,0.3,"8/3/2022","14:48:25",31.6,32,32.1,32.2,32.3,"","0","","0","",32.04,"30606A-3"
214.578703703704,0.168894654334357,0.999712697885465,0,214.581134259259,"31265A",2,"COFL2","COFL2",4.29,20.75,16.15,NA,4.6,0.28,"8/3/2022","14:52:50",32,32,32,32.1,32.2,"","0","n","0","",32.06,"31265A-2"
214.581828703704,0.119659736236021,0.998810675485586,6.21758174840707e-315,214.584259259259,"31340A",4,"CATO6","CATO6",3.79,21.36,9.86,NA,11.5,0.65,"8/3/2022","14:57:20",31.7,31.4,31.5,31.6,31.7,"","0","","0","",31.58,"31340A-4"
214.584953703704,0.525114985199225,0.999903758481077,0,214.587384259259,"31335A",4,"CATO6","CATO6",4.25,25.33,9.49,NA,15.84,0.75,"8/3/2022","15:01:50",31,31.1,31.2,31.3,31.5,"","1","","0","",31.22,"31335A-4"
214.588078703704,0.237310149333684,0.999842872481573,0,214.590509259259,"40109A",2,"QUFA","QUERCUS",4.25,41.75,17.8,NA,23.95,0.64,"8/3/2022","15:06:20",31.4,31.6,31.6,31.7,31.7,"","1","","0","",31.6,"40109A-2"
214.594386574074,0.060717152310863,0.998168824824259,7.05860046421265e-295,214.59681712963,"30871A",2,"LIST2","LIST2",4.3,21.45,16.05,NA,5.4,0.31,"8/3/2022","15:15:25",31.7,31.9,32,32,32,"","0","","0","",31.92,"30871A-2"
214.597395833333,0.13250733626236,0.999511698570668,0,214.599826388889,"31122A",1,"CATO6","CATO6",4.28,27.79,9.62,NA,18.17,0.77,"8/3/2022","15:19:45",31.4,31.1,31.2,31.3,31.3,"","0","","0","",31.26,"31122A-1"
214.599710648148,-0.00755893631276233,0.00300963793411545,0.422435877823996,214.602141203704,"30050A",5,"LITU","LITU",3.95,35.3,10.13,NA,25.17,0.8,"8/3/2022","15:23:05",30.7,30.1,30.3,30.4,30.6,"","0","","0","",30.42,"30050A-5"
214.603414351852,0.225446079040755,0.999646533749166,0,214.605844907407,"70413B",4,"LIST2","LIST2",4.32,24.72,7.23,NA,17.49,0.86,"8/3/2022","15:28:25",30.7,31,31.1,31.2,31.5,"","0","","0","",31.1,"70413B-4"
215.403009259259,0.194563677141704,0.999758248616955,0,215.405439814815,"140835A",3,"QUPA2","QUERCUS",3.82,38.59,7.98,NA,30.61,0.88,"8/4/2022","10:39:50",28,29.4,29.5,29.4,29.4,"1.6 (3 to 2), 5.2 (3 to 4)","1","","0","",29.14,"140835A-3"
215.403009259259,0.194563677141704,0.999758248616955,0,215.405439814815,"140835A",3,"QUPA2","QUERCUS",3.82,38.59,7.98,NA,30.61,0.88,"8/4/2022","10:39:50",28,29.4,29.5,29.4,29.4,"1.6 (3 to 2), 5.2 (3 to 4)","1","","0","",29.14,"140835A-3"
215.406030092593,0.164405225384759,0.999523656315751,0,215.408460648148,"140835A",2,"QUPA2","QUERCUS",5.73,24.44,19.44,NA,5,0.27,"8/4/2022","10:44:11",29.2,29.6,29.2,30.2,30.3,"1.6 (3 to 2), 5.2 (3 to 4)","1","","0","",29.7,"140835A-2"
215.406030092593,0.164405225384759,0.999523656315751,0,215.408460648148,"140835A",2,"QUPA2","QUERCUS",5.73,24.44,19.44,NA,5,0.27,"8/4/2022","10:44:11",29.2,29.6,29.2,30.2,30.3,"1.6 (3 to 2), 5.2 (3 to 4)","1","","0","",29.7,"140835A-2"
215.409097222222,0.478312011162267,0.999931718009661,0,215.411527777778,"140835A",4,"QUPA2","QUERCUS",4.31,36.21,9.71,NA,26.5,0.83,"8/4/2022","10:48:36",30.7,30.8,30.9,31,31,"1.6 (3 to 2), 5.2 (3 to 4)","1","","0","",30.88,"140835A-4"
215.409097222222,0.478312011162267,0.999931718009661,0,215.411527777778,"140835A",4,"QUPA2","QUERCUS",4.31,36.21,9.71,NA,26.5,0.83,"8/4/2022","10:48:36",30.7,30.8,30.9,31,31,"1.6 (3 to 2), 5.2 (3 to 4)","1","","0","",30.88,"140835A-4"
215.412071759259,0.190028296662627,0.999481477960828,0,215.414502314815,"141322B",4,"QUPA2","QUERCUS",4.29,19.85,7.29,NA,12.56,0.81,"8/4/2022","10:52:53",30.9,30.8,30.9,31,31,"3.7 (4 to 3), 4.6 (4 to 2) ","0","","0","",30.92,"141322B-4"
215.41505787037,0.249155155313652,0.999792699639993,0,215.417488425926,"141322B",2,"QUPA2","QUERCUS",4.07,22.82,10.14,NA,12.68,0.68,"8/4/2022","10:57:11",31.1,31.2,31.3,31.4,31.5,"3.7 (4 to 3), 4.6 (4 to 2) ","0","","0","",31.3,"141322B-2"
215.418171296296,0.403034750264741,0.999798931305472,0,215.420601851852,"141322B",3,"QUPA2","QUERCUS",3.98,30.65,10.36,NA,20.29,0.76,"8/4/2022","11:01:40",31.3,31.3,31.4,31.5,31.4,"3.7 (4 to 3), 4.6 (4 to 2) ","0","","0","",31.38,"141322B-3"
215.421238425926,0.278677282243151,0.999832807826697,0,215.423668981481,"140075A",5,"ACRU","ACRU",4.25,38.06,7.63,NA,30.43,0.9,"8/4/2022","11:06:05",31.1,30.8,30.7,30.8,31.1,"1.2","0","","0","",30.9,"140075A-5"
215.424282407407,0.323522800393442,0.999877464878134,0,215.426712962963,"140075A",3,"ACRU","ACRU",4.26,27.54,8.24,NA,19.3,0.83,"8/4/2022","11:10:28",30.6,30.8,31,31.1,31.2,"1.2","0","","0","",30.94,"140075A-3"
215.427453703704,0.226248398079046,0.999792879482648,0,215.429884259259,"142752A",3,"CATO6","CATO6",4.02,28.01,8.4,NA,19.61,0.82,"8/4/2022","11:15:02",29.6,30.9,31,30.4,31,"1.8","0","","0","",30.58,"142752A-3"
215.430729166667,0.0998781188741947,0.999128077730567,0,215.433159722222,"142752A",2,"CATO6","CATO6",4.06,19.45,14.58,NA,4.87,0.32,"8/4/2022","11:19:45",31,30.7,31.6,31.8,31.9,"1.8","0","","0","",31.4,"142752A-2"
215.433773148148,0.459952321995246,0.999923416904284,0,215.436203703704,"142037A",2,"LIST2","LIST2",4.07,25.33,12.06,NA,13.27,0.62,"8/4/2022","11:24:08",31.4,30.4,30.9,31.2,31.1,"4.2","0","","0","",31,"142037A-2"
215.437893518519,0.37711345328426,0.99991955158096,0,215.440324074074,"142037A",3,"LIST2","LIST2",3.87,32.28,11.37,NA,20.91,0.74,"8/4/2022","11:30:04",31.5,31.2,31.3,31.1,31.7,"4.2","0","","0","",31.36,"142037A-3"
215.44099537037,0.217780055757185,0.999790706601341,0,215.443425925926,"140283A",2,"ACRU","ACRU",3.83,30.74,12.35,NA,18.39,0.68,"8/4/2022","11:34:32",31.4,31.6,32,31.5,31.7,"2.4","1","","0","",31.64,"140283A-2"
215.444166666667,0.69979814550003,0.9999555157182,0,215.446597222222,"140283A",3,"ACRU","ACRU",3.98,38.08,14.31,NA,23.77,0.7,"8/4/2022","11:39:06",31.7,31,30.1,31,31.5,"2.4","1","","0","",31.06,"140283A-3"
215.447256944444,0.483430865181946,0.999812587360092,0,215.4496875,"142524A",4,"LIST2","LIST2",4.05,33.79,10.85,NA,22.94,0.77,"8/4/2022","11:43:33",30.8,30.7,30.5,30.2,30.2,"4.4","1","","0","",30.48,"142524A-4"
215.4503125,0.128155144848137,0.997769856996749,1.01931013238365e-285,215.452743055556,"142524A",3,"LIST2","LIST2",4.28,19.48,7,NA,12.48,0.82,"8/4/2022","11:47:57",30.1,31.2,31.5,31.9,32,"4.4","1","","0","",31.34,"142524A-3"
215.453344907407,0.138106872069252,0.998892182544105,3.12292965948502e-318,215.455775462963,"140638A",5,"QUPA2","QUERCUS",4.24,27.02,8.85,NA,18.17,0.8,"8/4/2022","11:52:19",31.4,31.7,32.2,32.4,32.4,"","0","","0","",32.02,"140638A-5"
215.457141203704,0.755807647900767,0.999945748989493,0,215.459571759259,"142404A",2,"COFL2","COFL2",4.29,27.29,13.23,NA,14.06,0.61,"8/4/2022","11:57:47",32.8,32.8,33,33.1,32.9,"","1","","0","",32.92,"142404A-2"
215.460173611111,0.187941828804454,0.999688154104129,0,215.462604166667,"141521A",5,"LIST2","LIST2",3.87,26,9.06,NA,16.94,0.77,"8/4/2022","12:02:09",32.5,32.3,32.3,32.4,32.4,"","1","","0","",32.38,"141521A-5"
215.474236111111,0.0384008883242995,0.133386674311207,3.22681539864588e-08,215.476666666667,"150650A",3,"LITU","LITU",7.58,36.45,20.37,7.64,23.72,0.82,"8/4/2022","12:22:24",33.5,33.6,33.8,34.1,34.3,"2.2","0","","0","",33.86,"150650A-3"
215.498993055556,0.0149663221144288,0.0898656562835847,7.33340038499101e-06,215.501423611111,"150005A",5,"LITU","LITU",5.8,15.85,7.79,NA,8.06,0.8,"8/4/2022","12:58:03",34.3,34.5,34.7,34.8,35,"2.1","0","","0","",34.66,"150005A-5"
215.531539351852,0.532319167691998,0.99993732497843,0,215.533969907407,"151651A",3,"ACRU","ACRU",7.51,44.58,21.45,7.61,30.74,0.83,"8/4/2022","13:44:55",31.6,33.3,34,34.1,33.9,"1.5 (4 to 3), 2.2 (4-5)","1","","0","",33.38,"151651A-3"
215.534641203704,0.238283166780473,0.999853301513226,0,215.537071759259,"151651A",5,"ACRU","ACRU",5.73,25.98,17.18,7.58,16.38,0.81,"8/4/2022","13:49:23",34.2,34.9,35.1,35.2,35.4,"1.5 (4 to 3), 2.2 (4-5)","1","","0","",34.96,"151651A-5"
215.537650462963,0.223172835482668,0.999842504065563,0,215.540081018519,"151651A",4,"ACRU","ACRU",5.67,31.21,9.8,NA,21.41,0.84,"8/4/2022","13:53:43",34.7,34.5,34.5,34.5,34.5,"1.5 (4 to 3), 2.2 (4-5)","1","","0","",34.54,"151651A-4"
215.544189814815,0.218200891103833,0.99981114250564,0,215.54662037037,"150005A",4,"LITU","LITU",7.57,25.41,10.46,NA,14.95,0.84,"8/4/2022","14:03:08",33.8,33.7,34.2,34.5,34.5,"2.1","0","","0","",34.14,"150005A-4"
215.547256944444,0.761902315460931,0.999938016647373,0,215.5496875,"150541A",1,"ACRU","ACRU",5.83,20.3,11.99,NA,8.31,0.57,"8/4/2022","14:07:33",34.1,33.8,33.9,34.1,34.3,"","0","","0","",34.04,"150541A-1"
215.551585648148,-0.00681096099142135,0.0747055024432405,4.6711089537718e-05,215.554016203704,"150441A",5,"ACRU","ACRU",7.54,29.63,11.15,NA,18.48,0.84,"8/4/2022","14:13:47",34,34.2,34.3,34.3,34.4,"2.8","0","","0","",34.24,"150441A-5"
215.554571759259,0.342572259941694,0.999839539055877,0,215.557002314815,"150441A",4,"ACRU","ACRU",7.65,34.81,11.98,NA,22.83,0.84,"8/4/2022","14:18:05",33.9,33.6,33.6,33.8,33.8,"2.8","0","","0","",33.74,"150441A-4"
215.560636574074,0.264779185909244,0.999895318495459,0,215.56306712963,"150650A",4,"LITU","LITU",7.55,30.58,10.49,NA,20.09,0.87,"8/4/2022","14:26:49",31.9,33,33.2,33.4,33.5,"2.2","0","","0","",33,"150650A-4"
215.56369212963,0.283142605869753,0.999887067334495,0,215.566122685185,"150206A",5,"QURU","QUERCUS",5.7,35.54,12.84,NA,22.7,0.76,"8/4/2022","14:31:13",31.9,33.4,33.5,34.1,34.2,"","1","","0","",33.42,"150206A-5"
215.56693287037,0.267351108816646,0.99991069278161,0,215.569363425926,"152539A",4,"LITU","LITU",7.62,32.8,10.54,NA,22.26,0.88,"8/4/2022","14:35:53",33.4,33.7,33.6,33.6,33.6,"4.3","0","","0","",33.58,"152539A-4"
215.57,0.1760502394062,0.999628563776803,0,215.572430555556,"152539A",3,"LITU","LITU",7.58,22.23,9.64,NA,12.59,0.86,"8/4/2022","14:40:18",33.7,34.1,34.4,34.4,34.2,"4.3","0","","0","",34.16,"152539A-3"
215.573055555556,0.336507216193839,0.999946982153106,0,215.575486111111,"150265A",2,"LIST2","LIST2",7.61,35.53,18.97,NA,16.56,0.59,"8/4/2022","14:44:42",34,34.3,34.5,34.2,34.3,"","0","","0","",34.26,"150265A-2"
215.576099537037,0.297003801983879,0.99985258319728,0,215.578530092593,"112005A",4,"QUCO2","QUERCUS",7.61,24.22,11.39,NA,12.83,0.77,"8/4/2022","14:49:05",34.2,34.1,34.4,34.5,34.6,"","1","","0","",34.36,"112005A-4"
216.448958333333,0.152211496457491,0.999761429647587,0,216.451388888889,"92297B",3,"LITU","LITU",7.59,36.2,11.5,NA,24.7,0.86,"8/5/2022","11:46:00",29.1,29.8,30,30.2,30.4,"2.7 (3 to 2), 1.3 (3 to 4) ","0","","0","",29.9,"92297B-3"
216.452199074074,0.179309628676159,0.999781014236866,0,216.45462962963,"92297B",4,"LITU","LITU",7.64,30.56,10.97,NA,19.59,0.85,"8/5/2022","11:50:40",30.6,30.9,31,31.1,31.3,"2.7 (3 to 2), 1.3 (3 to 4) ","0","","0","",30.98,"92297B-4"
216.458680555556,0.144008112718486,0.999767918151691,0,216.461111111111,"92297B",2,"LITU","LITU",7.63,23.34,13.48,NA,9.86,0.63,"8/5/2022","12:00:00",31.8,32,32.2,32.2,32.2,"2.7 (3 to 2), 1.3 (3 to 4) ","0","","0","",32.08,"92297B-2"
216.461747685185,0.191568321749456,0.999836361870841,0,216.464178240741,"90920A",4,"LIST2","LIST2",7.62,33.36,11.24,NA,22.12,0.86,"8/5/2022","12:04:25",31.1,31.1,31.2,31.1,31.2,"1.5","0","","0","",31.14,"90920A-4"
216.468229166667,0.112230296715986,0.999707203929448,0,216.470659722222,"130901A",2,"ACRU","ACRU",7.64,34.43,19.26,NA,15.17,0.57,"8/5/2022","12:13:45",30,29.9,30.1,30.3,30.5,"2.3","0","","1","",30.16,"130901A-2"
216.471365740741,0.111961101856714,0.999575739845984,0,216.473796296296,"90847A",4,"LIST2","LIST2",7.62,26.26,8.81,NA,17.45,0.94,"8/5/2022","12:18:16",30.5,30.7,30.9,31,31.1,"4.2","1","","0","",30.84,"90847A-4"
216.474710648148,0.244886594221473,0.999890127194296,0,216.477141203704,"90847A",3,"LIST2","LIST2",7.6,35.07,10.41,NA,24.66,0.9,"8/5/2022","12:23:05",30.9,30.9,31.1,31,31.1,"4.2","1","","0","",31,"90847A-3"
216.477835648148,0.23138402863263,0.999882693693024,0,216.480266203704,"130901A",1,"ACRU","ACRU",7.65,27.1,15.3,NA,11.8,0.61,"8/5/2022","12:27:35",30.8,31,31,31.1,31.3,"2.3","0","","1","",31.04,"130901A-1"
216.481018518519,0.511324960221051,0.99991025851975,0,216.483449074074,"90920A",3,"LIST2","LIST2",7.67,35.93,14.76,NA,21.17,0.75,"8/5/2022","12:32:10",31.2,31.3,31.5,31.6,31.8,"1.5","0","","0","",31.48,"90920A-3"
216.484305555556,0.139925762538185,0.999446741372483,0,216.486736111111,"90851A",3,"LIST2","LIST2",7.7,39.61,19.14,7.57,28.04,0.88,"8/5/2022","12:36:54",31.4,31.7,31.6,31.9,31.9,"2","1","","0","",31.7,"90851A-3"
216.487581018519,0.12164597114768,0.999661087201872,0,216.490011574074,"90851A",4,"LIST2","LIST2",7.62,31.38,12,NA,19.38,0.82,"8/5/2022","12:41:37",31.3,31.8,32.1,31.9,32.1,"2","1","","0","",31.84,"90851A-4"
216.490752314815,0.153158730895249,0.999813223382898,0,216.49318287037,"132472B",3,"LITU","LITU",7.63,27.1,10.9,NA,16.2,0.83,"8/5/2022","12:46:11",31.5,31.7,31.9,31.9,32,"1.3","0","","0","",31.8,"132472B-3"
216.493831018519,0.091628973831771,0.999524601983624,0,216.496261574074,"132472B",5,"LITU","LITU",NA,35.09,18.91,NA,16.18,0.46,"8/5/2022","12:50:37",31.6,31.7,32.5,32.1,31,"1.3","0","","0","",31.78,"132472B-5"
216.500185185185,0.167373413946902,0.998948414717642,1.18575755001899e-320,216.502615740741,"132472A",5,"LITU","LITU",7.65,41.84,17.36,7.6,32.08,0.94,"8/5/2022","12:59:46",32,32.3,32.2,32.4,32.1,"","0","","0","",32.2,"132472A-5"
216.503263888889,0.176293904938997,0.999850519008407,0,216.505694444444,"91590A",3,"CATO6","CATO6",7.6,30.8,13.58,NA,17.22,0.74,"8/5/2022","13:04:12",31.8,32,32.1,32.2,32.2,"3.1","1","","1","",32.06,"91590A-3"
216.506365740741,0.138043818448009,0.999819273611354,0,216.508796296296,"91590A",4,"CATO6","CATO6",7.59,33.23,13.81,NA,19.42,0.76,"8/5/2022","13:08:40",31.7,31.6,31.8,31.8,31.9,"3.1","1","","1","",31.76,"91590A-4"
216.50943287037,0.0513396777454056,0.998518485145485,1.0048191193869e-304,216.511863425926,"134046B",2,"LITU","LITU",7.65,25.2,20.24,NA,4.96,0.28,"8/5/2022","13:13:05",32.2,32.5,32.6,32.7,32.8,"4.1","0","","0","",32.56,"134046B-2"
216.512615740741,0.140433325114664,0.999795270481953,0,216.515046296296,"134046B",3,"LITU","LITU",7.6,31.36,9.96,NA,21.4,0.9,"8/5/2022","13:17:40",32.3,32.1,32.1,32.1,32.1,"4.1","0","","0","",32.14,"134046B-3"
216.51568287037,0.45671698817613,0.999956746358304,0,216.518113425926,"90930A",4,"LIST2","LIST2",7.68,29.19,13.11,NA,16.08,0.75,"8/5/2022","13:22:05",31.7,31.7,31.6,31.6,31.5,"5.2","0","","1","",31.62,"90930A-4"
216.51875,0.221694076101999,0.999868554854276,0,216.521180555556,"90930A",5,"LIST2","LIST2",7.66,30.8,11.67,NA,19.13,0.83,"8/5/2022","13:26:30",31.5,31.6,31.7,31.8,31.8,"5.2","0","","1","",31.68,"90930A-5"
216.521759259259,0.173822048407554,0.999828696780672,0,216.524189814815,"130551A",2,"QURU","QUERCUS",7.58,34.66,15.42,NA,19.24,0.71,"8/5/2022","13:30:50",31.8,31.9,32,32.1,32.2,"2.6","0","","1","",32,"130551A-2"
216.521759259259,0.173822048407554,0.999828696780672,0,216.524189814815,"130551A",2,"QURU","QUERCUS",7.58,34.66,15.42,NA,19.24,0.71,"8/5/2022","13:30:50",31.8,31.9,32,32.1,32.2,"2.6","0","","1","",32,"130551A-2"
216.524826388889,0.175581808935055,0.99984580306914,0,216.527256944444,"130551A",3,"QURU","QUERCUS",7.56,33.96,14.97,NA,18.99,0.72,"8/5/2022","13:35:15",31.5,31.6,31.7,31.8,32,"2.6","0","","1","",31.72,"130551A-3"
216.524826388889,0.175581808935055,0.99984580306914,0,216.527256944444,"130551A",3,"QURU","QUERCUS",7.56,33.96,14.97,NA,18.99,0.72,"8/5/2022","13:35:15",31.5,31.6,31.7,31.8,32,"2.6","0","","1","",31.72,"130551A-3"
216.528125,0.14800084208432,0.999701594560613,0,216.530555555556,"51330A",3,"ACRU","ACRU",7.6,21.91,12.76,NA,9.15,0.64,"8/5/2022","13:40:00",31.1,31.4,31.7,31.9,32.1,"","1","","0","",31.64,"51330A-3"
216.531134259259,0.18040829379358,0.999865219635715,0,216.533564814815,"50898A",4,"LITU","LITU",7.65,29.87,9.83,NA,20.04,0.9,"8/5/2022","13:44:20",31.5,31.6,31.6,31.7,31.9,"","0","","0","",31.66,"50898A-4"
216.534143518519,0.185404189760837,0.999876391989331,0,216.536574074074,"130211A",5,"LIST2","LIST2",7.55,28.84,11.64,NA,17.2,0.81,"8/5/2022","13:48:40",31.7,31.9,32,32.1,32.2,"","0","","0","",31.98,"130211A-5"
216.537210648148,0.131590331282222,0.999756779862036,0,216.539641203704,"131333A",5,"LIST2","LIST2",7.59,27.51,17.08,7.61,18.04,0.91,"8/5/2022","13:53:05",32,32.2,32.3,32.5,32.5,"","1","","0","",32.3,"131333A-5"
216.540335648148,0.10016303623959,0.999672814795444,0,216.542766203704,"130346A",3,"LIST2","LIST2",7.53,34.29,13.85,NA,20.44,0.76,"8/5/2022","13:57:35",30.8,32.1,32.1,32.1,32.2,"","0","","0","",31.86,"130346A-3"
216.540335648148,0.10016303623959,0.999672814795444,0,216.542766203704,"130346A",3,"LIST2","LIST2",7.53,34.29,13.85,NA,20.44,0.76,"8/5/2022","13:57:35",30.8,32.1,32.1,32.1,32.2,"","0","","0","",31.86,"130346A-3"
216.546412037037,0.214150655178518,0.999880797317852,0,216.548842592593,"50842A",2,"LIST2","LIST2",7.65,39.74,21,7.6,26.34,0.82,"8/5/2022","14:06:20",32,31.7,31.8,31.8,31.9,"","1","","0","",31.84,"50842A-2"
219.452430555556,0.177155642950414,0.999738307914921,0,219.454861111111,"61440A",3,"QUFA","QUERCUS",4.67,39.6,11.78,NA,27.82,0.8,"8/8/2022","11:51:00",31.7,31.3,31.4,31.5,31.8,"5 (4 to 5), 5 (4 to 3)","1","","0","",31.54,"61440A-3"
219.455671296296,0.212064275659803,0.999862648892526,0,219.458101851852,"61440A",4,"QUFA","QUERCUS",4.67,30.79,10.17,NA,20.62,0.79,"8/8/2022","11:55:40",31.7,31.8,31.9,32,32.1,"5 (4 to 5), 5 (4 to 3)","1","","0","",31.9,"61440A-4"
219.459027777778,0.123021801164736,0.999745833922676,0,219.461458333333,"61440A",5,"QUFA","QUERCUS",4.7,26.15,8.81,NA,17.34,0.81,"8/8/2022","12:00:30",31.7,31.6,31.8,32,32.1,"5 (4 to 5), 5 (4 to 3)","1","","1","",31.84,"61440A-5"
219.462094907407,0.153338433086678,0.99976514785474,0,219.464525462963,"61442A",3,"QURU","QUERCUS",4.72,25.81,12.64,NA,13.17,0.62,"8/8/2022","12:04:55",31.7,31.8,31.9,32,32.1,"","0","","0","",31.9,"61442A-3"
219.465046296296,0.135173495073505,0.999710101256052,0,219.467476851852,"71138A",5,"QUERC","QUERCUS",4.66,25.6,8.96,NA,16.64,0.79,"8/8/2022","12:09:10",32.1,32.3,32.5,32.5,32.5,"","0","","0","",32.38,"71138A-5"
219.468171296296,0.101382560798797,0.999633839352908,0,219.470601851852,"71138B",5,"QUERC","QUERCUS",4.66,28.04,10.87,NA,17.17,0.73,"8/8/2022","12:13:40",32.2,32.2,32.3,32.3,32.3,"","0","","0","",32.26,"71138B-5"
219.471238425926,0.0878066377840757,0.999479931027687,0,219.473668981481,"71652A",4,"COFL2","COFL2",4.69,26.67,10.64,NA,16.03,0.73,"8/8/2022","12:18:05",31.9,31.8,31.9,32,32.1,"3.8","0","","0","",31.94,"71652A-4"
219.471238425926,0.0878066377840757,0.999479931027687,0,219.473668981481,"71652A",4,"COFL2","COFL2",4.69,26.67,10.64,NA,16.03,0.73,"8/8/2022","12:18:05",31.9,31.8,31.9,32,32.1,"3.8","0","","0","",31.94,"71652A-4"
219.474305555556,0.180035036080109,0.999867400606248,0,219.476736111111,"71652A",3,"COFL2","COFL2",4.67,28.53,11.53,NA,17,0.71,"8/8/2022","12:22:30",32.1,32.1,32.2,32.3,32.4,"3.8","0","","0","",32.22,"71652A-3"
219.474305555556,0.180035036080109,0.999867400606248,0,219.476736111111,"71652A",3,"COFL2","COFL2",4.67,28.53,11.53,NA,17,0.71,"8/8/2022","12:22:30",32.1,32.1,32.2,32.3,32.4,"3.8","0","","0","",32.22,"71652A-3"
219.477372685185,0.166273534998949,0.999781511366289,0,219.479803240741,"100316A",1,"QUVE","QUERCUS",4.67,24.74,11.19,NA,13.55,0.68,"8/8/2022","12:26:55",32,32,32.2,32.3,32.4,"","1","","0","",32.18,"100316A-1"
219.480439814815,0.121460267894221,0.999680931578065,0,219.48287037037,"100286A",3,"QURU","QUERCUS",4.65,27.64,10.58,NA,17.06,0.74,"8/8/2022","12:31:20",32.1,32,32.1,32.3,32.3,"9.1","1","","1","",32.16,"100286A-3"
219.483391203704,0.0113020346434947,0.976723567603288,1.00311016692829e-176,219.485821759259,"100286A",2,"QURU","QUERCUS",4.66,23.71,18.88,NA,4.83,0.25,"8/8/2022","12:35:35",32.3,32.7,33,33,33,"9.1","1","","0","",32.8,"100286A-2"
219.486458333333,0.178215019930573,0.999836569969836,0,219.488888888889,"100320A",1,"QUVE","QUERCUS",4.7,19.26,10.66,NA,8.6,0.59,"8/8/2022","12:40:00",32.6,32.4,32.5,32.5,32.7,"","1","n","0","",32.54,"100320A-1"
219.490046296296,0.250547711374154,0.999903802997255,0,219.492476851852,"100819B",2,"LITU","LITU",4.68,33.28,7.79,NA,25.49,0.89,"8/8/2022","12:45:10",32.3,32,32,32.2,32.3,"","1","","0","",32.16,"100819B-2"
219.493055555556,0.156807273348135,0.99964537777032,0,219.495486111111,"71658A",1,"COFL2","COFL2",4.66,23.86,18.01,NA,5.85,0.3,"8/8/2022","12:49:30",32.3,32.5,32.7,32.6,32.7,"","0","","0","",32.56,"71658A-1"
219.496006944444,0.217596768194102,0.999858244923463,0,219.4984375,"101467A",5,"ACRU","ACRU",4.66,26.95,8.08,NA,18.87,0.85,"8/8/2022","12:53:45",32.2,31.9,32.1,32.2,32.3,"","0","","0","",32.14,"101467A-5"
219.499016203704,0.259939438505456,0.999918742689068,0,219.501446759259,"101467B",4,"ACRU","ACRU",4.65,33.16,7.82,NA,25.34,0.89,"8/8/2022","12:58:05",31.8,31.2,31.3,31.5,31.6,"3.8","0","","0","",31.48,"101467B-4"
219.502083333333,0.169114162447842,0.999802266170598,0,219.504513888889,"101467B",5,"ACRU","ACRU",4.66,23.92,8.53,NA,15.39,0.8,"8/8/2022","13:02:30",31.7,32.2,32.4,32.7,32.8,"3.8","0","","0","",32.36,"101467B-5"
219.506597222222,0.273790450713811,0.999929597345694,0,219.509027777778,"101443A",3,"LITU","LITU",4.67,26.24,7.41,NA,18.83,0.87,"8/8/2022","13:09:00",32.1,32.5,32.7,32.8,32.8,"1.1 (3 to 2), 4.5 (3 to 4)","1","","0","",32.58,"101443A-3"
219.509548611111,0.117055235113199,0.999724587905776,0,219.511979166667,"101443A",4,"LITU","LITU",4.67,25.59,6.97,NA,18.62,0.89,"8/8/2022","13:13:15",32.6,32.5,32.7,32.8,32.8,"1.1 (3 to 2), 4.5 (3 to 4)","1","","0","",32.68,"101443A-4"
219.51255787037,0.110297049703742,0.999698314710947,0,219.514988425926,"101443A",2,"LITU","LITU",4.68,26.5,7.8,NA,18.7,0.86,"8/8/2022","13:17:35",32.1,31.6,31.9,32.1,32.2,"1.1 (3 to 2), 4.5 (3 to 4)","1","n","0","",31.98,"101443A-2"
219.51556712963,0.153697657253886,0.999831453160879,0,219.517997685185,"100782A",3,"QURU","QUERCUS",4.69,22.14,8.42,NA,13.72,0.79,"8/8/2022","13:21:55",30.2,32.5,32.6,32.6,32.7,"1.7","0","n","0","",32.12,"100782A-3"
219.518634259259,0.14241758478313,0.999731016789699,0,219.521064814815,"100782A",4,"QURU","QUERCUS",4.7,27.54,6.95,NA,20.59,0.9,"8/8/2022","13:26:20",32.4,32.5,32.6,32.6,32.7,"1.7","0","","0","",32.56,"100782A-4"
219.521643518519,0.0667513225136322,0.999215637172826,0,219.524074074074,"100988A",2,"ACRU","ACRU",4.68,18.76,11.79,NA,6.97,0.5,"8/8/2022","13:30:40",32.4,32.6,32.8,33,33.1,"","0","n","0","",32.78,"100988A-2"
219.524594907407,0.0098709644303285,0.966783992732056,3.37028571393589e-160,219.527025462963,"110484A",1,"COFL2","COFL2",4.65,18.56,15.34,NA,3.22,0.23,"8/8/2022","13:34:55",32.9,33.2,33.2,33.2,33.3,"","1","n","0","",33.16,"110484A-1"
219.527662037037,0.0913076643735907,0.999548569830728,0,219.530092592593,"110582A",4,"COFL2","COFL2",4.68,21.97,7.45,NA,14.52,0.84,"8/8/2022","13:39:20",32.8,32.5,32.6,32.7,32.8,"2.5","0","","0","",32.68,"110582A-4"
219.530671296296,0.103117205190161,0.999641036108457,0,219.533101851852,"110582A",5,"COFL2","COFL2",4.68,23.78,7.7,NA,16.08,0.84,"8/8/2022","13:43:40",32.4,32.4,32.5,32.6,32.7,"2.5","0","","0","",32.52,"110582A-5"
219.533680555556,0.260921046962619,0.999910590213237,0,219.536111111111,"110834A",3,"COFL2","COFL2",4.69,30.6,14.23,NA,16.37,0.63,"8/8/2022","13:48:00",32.6,32.9,32.9,33,33.1,"3.2","1","","0","",32.9,"110834A-3"
219.536689814815,0.241216118454745,0.999869313356354,0,219.53912037037,"110834A",4,"COFL2","COFL2",4.69,23.48,8,NA,15.48,0.82,"8/8/2022","13:52:20",32.7,32.5,32.7,33,33.1,"3.2","1","","0","",32.8,"110834A-4"
220.453587962963,0.074909843553069,0.999388974330287,0,220.456018518519,"10805A",5,"QURU","QUERCUS",4.67,25.37,8.48,NA,16.89,0.82,"8/9/2022","11:52:40",32.6,32.6,32.8,33,33,"2.2","0","","0","",32.8,"10805A-5"
220.456712962963,0.0773312358242817,0.99944092768357,0,220.459143518519,"10805A",4,"QURU","QUERCUS",4.68,26.56,9.03,NA,17.53,0.8,"8/9/2022","11:57:10",32.8,32.8,33,33.1,33.1,"2.2","0","","0","",32.96,"10805A-4"
220.459780092593,0.167673493112778,0.999799168719035,0,220.462210648148,"10555B",3,"QUFA","QUERCUS",4.68,27.74,8.92,NA,18.82,0.82,"8/9/2022","12:01:35",32,31.3,31.7,31.9,32,"2.1","0","","0","",31.78,"10555B-3"
220.462905092593,0.15025913299094,0.999686993184362,0,220.465335648148,"10555B",4,"QUFA","QUERCUS",4.71,24.17,7.84,NA,16.33,0.84,"8/9/2022","12:06:05",31.8,32.3,32.4,32.5,32.7,"2.1","0","","0","",32.34,"10555B-4"
220.465914351852,0.104891243282562,0.999567796084158,0,220.468344907407,"20820B",3,"LIST2","LIST2",4.68,15.9,6.83,NA,9.07,0.81,"8/9/2022","12:10:25",32.5,32.7,32.9,33.1,33.2,"2.2","0","","0","",32.88,"20820B-3"
220.468981481481,-0.00270531531568873,0.388822833901009,1.14321089898996e-24,220.471412037037,"20820B",2,"LIST2","LIST2",4.68,23.96,19.11,NA,4.85,0.25,"8/9/2022","12:14:50",33.2,33.2,33.2,33.3,33.4,"2.2","0","","0","",33.26,"20820B-2"
220.472106481481,0.195606807739705,0.999880105509764,0,220.474537037037,"10470A",3,"LIST2","LIST2",4.67,31.29,10.99,NA,20.3,0.76,"8/9/2022","12:19:20",32,31.9,32.1,32.3,32.5,"","0","","1","",32.16,"10470A-3"
220.480671296296,0.22644645773009,0.999922271681739,0,220.483101851852,"10178A",3,"QUAL","QUERCUS",4.67,24.22,9.87,NA,14.35,0.73,"8/9/2022","12:31:40",33.7,33.5,33.6,33.6,33.8,"2.3","0","","0","",33.64,"10178A-3"
220.483680555556,0.108373881336364,0.999596592242516,0,220.486111111111,"10178A",2,"QUAL","QUERCUS",4.68,27.93,21.15,NA,6.78,0.29,"8/9/2022","12:36:00",33.5,33.4,33.5,33.6,33.7,"2.3","0","","0","",33.54,"10178A-2"
220.486689814815,0.232110959846928,0.999896263955096,0,220.48912037037,"10213A",5,"ACRU","ACRU",4.68,29.61,8.11,NA,21.5,0.86,"8/9/2022","12:40:20",30.7,32,32.2,32.4,32.5,"","0","","0","in swamp",31.96,"10213A-5"
220.489826388889,0.158494799887446,0.999610470216571,0,220.492256944444,"20313A",2,"COFL2","COFL2",4.64,18.27,12.66,NA,5.61,0.41,"8/9/2022","12:44:51",32.8,33.5,33.6,33.7,33.8,"","1","","0","",33.48,"20313A-2"
220.492824074074,0.463185149770627,0.999919646796933,0,220.49525462963,"20811A",3,"LIST2","LIST2",4.72,24.64,10.94,NA,13.7,0.69,"8/9/2022","12:49:10",33.5,32.8,32.9,33.2,33.3,"","0","","0","",33.14,"20811A-3"
220.495891203704,0.093181124935491,0.997959151563186,7.6986737070736e-290,220.498321759259,"20239A",5,"QURU","QUERCUS",4.67,24.37,7.61,NA,16.76,0.85,"8/9/2022","12:53:35",33,32.9,33.1,33.2,33.3,"4.9","0","","0","",33.1,"20239A-5"
220.499247685185,0.0887265785737184,0.999321044228668,0,220.501678240741,"20239A",4,"QURU","QUERCUS",4.68,27.43,8.51,NA,18.92,0.83,"8/9/2022","12:58:25",33.3,33.4,33.5,33.6,33.7,"4.9","0","","0","",33.5,"20239A-4"
220.502314814815,0.0792835228023038,0.999172625235623,0,220.50474537037,"10610A",5,"QUERC","QUERCUS",4.71,19.13,6.77,NA,12.36,0.86,"8/9/2022","13:02:50",33.6,33.6,33.8,33.7,33.9,"1.3","0","","0","",33.72,"10610A-5"
220.505324074074,0.241229369316193,0.99978061077344,0,220.50775462963,"10610A",2,"QUERC","QUERCUS",4.65,25.22,10.74,NA,14.48,0.7,"8/9/2022","13:07:10",33.6,33.6,33.7,33.7,33.9,"1.3","0","","0","",33.7,"10610A-2"
220.508449074074,0.794212292666633,0.999962795526813,0,220.51087962963,"10312A",2,"QURU","QUERCUS",4.66,35.24,11.6,NA,23.64,0.77,"8/9/2022","13:11:40",33.6,33.4,33.5,33.6,33.7,"1.7","0","","0","",33.56,"10312A-2"
220.511516203704,0.367885879033155,0.999882291819198,0,220.513946759259,"10312A",3,"QURU","QUERCUS",4.68,30.71,11.95,NA,18.76,0.72,"8/9/2022","13:16:05",33.2,33.2,33.3,33.6,33.6,"1.7","0","","1","",33.38,"10312A-3"
220.514525462963,0.0970764826863174,0.999083001780654,0,220.516956018519,"10665A",1,"QUAL","QUERCUS",4.66,32.67,17.77,NA,14.9,0.53,"8/9/2022","13:20:25",33.4,32.7,33,33.3,33.5,"3.4","1","n","0","",33.18,"10665A-1"
220.517534722222,0.200588643602007,0.999681980802837,0,220.519965277778,"10665A",2,"QUAL","QUERCUS",4.68,27.83,14.58,NA,13.25,0.57,"8/9/2022","13:24:45",33.5,33.9,34.1,34.2,34.4,"3.4","1","n","0","",34.02,"10665A-2"
221.438113425926,0.16129894615218,0.999796646251636,0,221.440543981481,"70723A",1,"QUVE","QUERCUS",4.66,29.62,15.1,NA,14.52,0.58,"8/10/2022","11:30:23",32.8,32.3,32.2,32.2,32.3,"","1","","0","",32.36,"70723A-1"
221.441319444444,0.145195167820632,0.999780733391526,0,221.44375,"61139A",4,"QUFA","QUERCUS",4.66,34.87,10.84,NA,24.03,0.8,"8/10/2022","11:35:00",30.4,31.4,31.5,31.5,31.5,"7.8 (3 to 4), 4.7 (3 to 2)","1","","0","",31.26,"61139A-4"
221.444386574074,0.132635548885918,0.999720287515642,0,221.44681712963,"61139A",3,"QUFA","QUERCUS",4.64,27.73,10.44,NA,17.29,0.75,"8/10/2022","11:39:25",31.9,31.9,31.9,32,32,"7.8 (3 to 4), 4.7 (3 to 2)","1","","0","",31.94,"61139A-3"
221.447627314815,0.193731384854192,0.999830249714202,0,221.45005787037,"61139A",2,"QUFA","QUERCUS",4.65,30.27,21.47,NA,8.8,0.34,"8/10/2022","11:44:05",31.7,31.8,31.9,31.9,32,"7.8 (3 to 4), 4.7 (3 to 2)","1","","0","",31.86,"61139A-2"
221.450636574074,0.120932863643146,0.99968896439601,0,221.45306712963,"70002B",5,"CATO6","CATO6",4.67,24.79,8.14,NA,16.65,0.83,"8/10/2022","11:48:25",31.7,31.6,31.7,31.7,31.8,"1.6 (4 to 3), 2.9 (4 to 5)","1","","0","",31.7,"70002B-5"
221.453761574074,0.290542543471839,0.999906561807555,0,221.45619212963,"70002B",3,"CATO6","CATO6",4.67,25.07,9.61,NA,15.46,0.76,"8/10/2022","11:52:55",31.7,31.9,32.1,32.2,32.3,"1.6 (4 to 3), 2.9 (4 to 5)","1","","0","",32.04,"70002B-3"
221.456770833333,0.137830225254995,0.999621000818933,0,221.459201388889,"70002B",4,"CATO6","CATO6",4.67,26.42,7.87,NA,18.55,0.85,"8/10/2022","11:57:15",31.9,31.7,31.7,31.8,31.9,"1.6 (4 to 3), 2.9 (4 to 5)","1","","1","",31.8,"70002B-4"
221.459837962963,0.159164125364773,0.999759742432961,0,221.462268518519,"60291A",5,"LIST2","LIST2",4.65,27.47,11.17,NA,16.3,0.71,"8/10/2022","12:01:40",32,32.2,32.3,32.4,32.6,"2.7","1","","0","",32.3,"60291A-5"
221.462847222222,0.152031765668807,0.99981338189771,0,221.465277777778,"60291A",4,"LIST2","LIST2",4.67,30.55,7.72,NA,22.83,0.88,"8/10/2022","12:06:00",32.1,31.4,31.4,31.5,31.7,"2.7","1","","0","",31.62,"60291A-4"
221.465856481481,0.217289930900495,0.999894045710229,0,221.468287037037,"60636A",3,"COFL2","COFL2",4.68,32.43,10.92,NA,21.51,0.78,"8/10/2022","12:10:20",32,32.2,32.2,32.3,32.4,"1.8","1","","0","",32.22,"60636A-3"
221.468923611111,0.165103509831272,0.999716237057855,0,221.471354166667,"60636A",5,"COFL2","COFL2",4.67,24.72,9.97,NA,14.75,0.74,"8/10/2022","12:14:45",32.4,32.5,32.7,32.9,33,"1.8","1","","0","",32.7,"60636A-5"
221.47193287037,0.117739182160317,0.999648779252142,0,221.474363425926,"60856A",3,"COFL2","COFL2",4.65,27.98,8.22,NA,19.76,0.85,"8/10/2022","12:19:05",32.7,32.3,32.3,32.4,32.4,"1.2","0","","0","",32.42,"60856A-3"
221.47494212963,0.0704652523314859,0.999163769692693,0,221.477372685185,"60856A",4,"COFL2","COFL2",4.67,19.41,6.41,NA,13,0.88,"8/10/2022","12:23:25",32.5,32.7,32.8,32.9,33.1,"1.2","0","","0","",32.8,"60856A-4"
221.477986111111,0.138238971167597,0.999770739352453,0,221.480416666667,"60282A",5,"CATO6","CATO6",4.67,23.67,6.96,NA,16.71,0.88,"8/10/2022","12:27:48",33.1,33.4,33.5,33.4,33.6,"2 (2 to 5), 2.1 (2 to 3)","1","","0","",33.4,"60282A-5"
221.480983796296,0.279327012754096,0.999918838263605,0,221.483414351852,"60282A",3,"CATO6","CATO6",4.68,28.07,8.5,NA,19.57,0.84,"8/10/2022","12:32:07",33.1,32.9,33,33,33.1,"2 (2 to 5), 2.1 (2 to 3)","1","","0","",33.02,"60282A-3"
221.484027777778,0.261194822905957,0.999911725441382,0,221.486458333333,"60282A",2,"CATO6","CATO6",4.66,24.18,9.89,NA,14.29,0.73,"8/10/2022","12:36:30",32.8,32.6,32.8,32.9,33,"2 (2 to 5), 2.1 (2 to 3)","1","","0","",32.82,"60282A-2"
221.486990740741,0.0856552795576391,0.999406532107361,0,221.489421296296,"60227A",2,"LITU","LITU",4.7,13.68,8.6,NA,5.08,0.57,"8/10/2022","12:40:46",32.2,32.4,32.8,33,33.1,"7.6","1","","0","",32.7,"60227A-2"
221.490046296296,0.23265259495122,0.999916803559502,0,221.492476851852,"60227A",3,"LITU","LITU",4.66,36.93,12.72,4.69,28.9,0.9,"8/10/2022","12:45:10",32.7,32.4,32.4,32.6,32.7,"7.6","1","","0","",32.56,"60227A-3"
221.493113425926,0.278888594337694,0.999751375606453,0,221.495543981481,"60223A",3,"LIST2","LIST2",4.65,21.79,8.94,NA,12.85,0.75,"8/10/2022","12:49:35",32.5,32.6,32.8,33,33.3,"1.5","0","","0","",32.84,"60223A-3"
221.498726851852,0.117686823688363,0.999503529343817,0,221.501157407407,"60223A",2,"LIST2","LIST2",4.65,19.39,14.65,NA,4.74,0.32,"8/10/2022","12:57:40",34.3,34.2,34.3,34.4,34.6,"1.5","0","","0","",34.36,"60223A-2"
221.501851851852,0.13445822494392,0.999686087599462,0,221.504282407407,"60470A",3,"LITU","LITU",4.67,24.48,7.61,NA,16.87,0.85,"8/10/2022","13:02:10",33.6,33.4,33.7,33.8,33.9,"1.9","1","","0","",33.68,"60470A-3"
221.505208333333,0.0963391132132235,0.999257202185072,0,221.507638888889,"60470A",2,"LITU","LITU",4.67,15.42,11.67,NA,3.75,0.35,"8/10/2022","13:07:00",33.4,34.3,34.6,34.8,35,"1.9","1","","0","",34.42,"60470A-2"
221.514236111111,0.19384747225271,0.999818049623215,0,221.516666666667,"60813A",3,"COFL2","COFL2",4.7,30.37,12.03,NA,18.34,0.71,"8/10/2022","13:20:00",33.2,33.2,33.5,33.7,33.9,"","0","","0","",33.5,"60813A-3"
221.517650462963,0.245339052786844,0.999890730063484,0,221.520081018519,"60622A",2,"COFL2","COFL2",4.69,28.16,13.95,NA,14.21,0.61,"8/10/2022","13:24:55",33,33.7,33.8,33.9,34,"","0","","0","",33.68,"60622A-2"
221.520833333333,0.131205461723593,0.982529361483332,4.6457575524518e-190,221.523263888889,"60617A",3,"COFL2","COFL2",4.7,26.6,9.82,NA,16.78,0.77,"8/10/2022","13:29:30",33.4,33.5,33.7,33.8,34,"","0","","0","",33.68,"60617A-3"
221.524016203704,0.238509777261612,0.999867233923314,0,221.526446759259,"60393A",3,"LITU","LITU",4.7,31.33,8.97,NA,22.36,0.84,"8/10/2022","13:34:05",32.8,33.3,33.5,33.6,33.7,"1.8 (4 to 3), 3.3 (4 to 2) ","1","","0","",33.38,"60393A-3"
221.527141203704,0.0420376913024238,0.997603184485473,2.27847910596724e-282,221.529571759259,"60393A",2,"LITU","LITU",4.69,25.9,15.41,NA,10.49,0.49,"8/10/2022","13:38:35",34.1,34.1,34.2,34.3,34.4,"1.8 (4 to 3), 3.3 (4 to 2) ","1","","0","",34.22,"60393A-2"
221.530324074074,0.19973464680073,0.999799284212108,0,221.53275462963,"60393A",4,"LITU","LITU",4.68,21.32,7.4,NA,13.92,0.84,"8/10/2022","13:43:10",33.4,33.2,33.5,33.6,33.8,"1.8 (4 to 3), 3.3 (4 to 2) ","1","","0","",33.5,"60393A-4"
221.533506944444,0.146681017945628,0.999780698642552,0,221.5359375,"61008A",3,"QUERC","QUERCUS",4.69,24.53,8.51,NA,16.02,0.81,"8/10/2022","13:47:45",32.9,33.4,33.5,33.5,33.6,"3.8","1","","0","",33.38,"61008A-3"
221.536574074074,0.142446483102819,0.999758530271387,0,221.53900462963,"61008A",4,"QUERC","QUERCUS",4.69,28.51,8.95,NA,19.56,0.82,"8/10/2022","13:52:10",33,33.5,33.7,33.9,34,"3.8","1","","0","",33.62,"61008A-4"
222.414409722222,0.065286716710729,0.999228931678876,0,222.416840277778,"30424A",2,"QUAL","QUERCUS",4.65,37.46,21.9,NA,15.56,0.47,"8/11/2022","10:56:15",27.9,27.8,27.9,28.1,28.2,"3.7","0","n","0","",27.98,"30424A-2"
222.417476851852,0.208320206463004,0.999646060286221,0,222.419907407407,"30424A",3,"QUAL","QUERCUS",4.63,24.76,7.27,NA,17.49,0.87,"8/11/2022","11:00:40",28.1,28.3,28.4,28.5,28.6,"3.7","0","n","0","",28.38,"30424A-3"
222.420601851852,0.412306346619291,0.999941053530094,0,222.423032407407,"30624A",4,"LIST2","LIST2",4.66,29.05,11.46,4.64,22.23,0.91,"8/11/2022","11:05:10",28.5,28.6,28.8,28.9,29.1,"","0","","0","",28.78,"30624A-4"
222.423668981481,0.141435470841672,0.999749810915629,0,222.426099537037,"30618A",3,"LITU","LITU",4.65,30.47,7.94,NA,22.53,0.87,"8/11/2022","11:09:35",28.8,29.2,29.3,29.4,29.6,"6","0","","0","",29.26,"30618A-3"
222.426736111111,0.0975353723535609,0.999554411525762,0,222.429166666667,"30618A",2,"LITU","LITU",4.63,28.22,12.25,4.66,20.63,0.87,"8/11/2022","11:14:00",28.8,28.6,28.7,28.8,29,"6","0","","0","",28.78,"30618A-2"
222.429803240741,0.209229968049164,0.999893542262432,0,222.432233796296,"20500B",1,"LIST2","LIST2",4.66,28.35,13.81,NA,14.54,0.61,"8/11/2022","11:18:25",28.7,28.8,29,29.1,29.1,"","0","","0","",28.94,"20500B-1"
222.432928240741,0.111923544954095,0.999668059514072,0,222.435358796296,"30438A",3,"LIST2","LIST2",4.67,18.02,8.36,NA,9.66,0.72,"8/11/2022","11:22:55",29.1,29.3,29.6,29.8,30,"","0","n","0","",29.56,"30438A-3"
222.436053240741,0.194431983537057,0.999658544006497,0,222.438483796296,"20587A",3,"LIST2","LIST2",4.68,15.33,10.38,NA,4.95,0.46,"8/11/2022","11:27:25",29.7,29.9,30,30.3,30.5,"","0","","0","",30.08,"20587A-3"
222.43912037037,0.230132540346577,0.999904483116305,0,222.441550925926,"20488A",3,"COFL2","COFL2",4.64,27.75,8.86,NA,18.89,0.82,"8/11/2022","11:31:50",29.5,29.3,29.5,29.8,29.8,"2.4 (2 to 3), 2.9 (2 to 4)","1","","0","",29.58,"20488A-3"
222.442152777778,0.238063464677674,0.999855778945805,0,222.444583333333,"20488A",4,"COFL2","COFL2",4.62,23.55,8.23,NA,15.32,0.81,"8/11/2022","11:36:12",29.5,29.6,29.8,29.9,30,"2.4 (2 to 3), 2.9 (2 to 4)","1","","0","",29.76,"20488A-4"
222.445185185185,0.420619041461212,0.999952371983861,0,222.447615740741,"20488A",2,"COFL2","COFL2",4.66,31.43,18.58,4.66,17.51,0.65,"8/11/2022","11:40:34",29.8,29.8,29.8,29.8,29.9,"2.4 (2 to 3), 2.9 (2 to 4)","1","","0","",29.82,"20488A-2"
222.448263888889,0.491918693954221,0.999955153814862,0,222.450694444444,"20887A",4,"CATO6","CATO6",4.66,30.4,8.57,NA,21.83,0.85,"8/11/2022","11:45:00",29.5,29.4,29.5,29.7,29.8,"4.4","0","","0","",29.58,"20887A-4"
222.451388888889,0.062058403666109,0.998881983427112,8.32584604402293e-318,222.453819444444,"20887A",5,"CATO6","CATO6",4.61,34.95,21.21,NA,13.74,0.45,"8/11/2022","11:49:30",29.6,29.5,29.6,29.7,29.8,"4.4","0","","0","",29.64,"20887A-5"
222.454398148148,0.375443262295872,0.999949624031206,0,222.456828703704,"20151A",3,"CATO6","CATO6",4.66,33.9,14.77,NA,19.13,0.65,"8/11/2022","11:53:50",29.5,29.6,29.6,29.5,29.6,"","0","","0","",29.56,"20151A-3"
222.457581018519,0.2578777610264,0.999848814317628,0,222.460011574074,"21253A",5,"CATO6","CATO6",4.66,20.24,7.47,NA,12.77,0.82,"8/11/2022","11:58:25",29.4,29.3,29.4,29.5,29.6,"","0","","0","",29.44,"21253A-5"
222.460590277778,0.0557504333580716,0.998529564573194,4.50049052675525e-305,222.463020833333,"20354B",5,"QUAL","QUERCUS",4.67,20.41,8.07,NA,12.34,0.78,"8/11/2022","12:02:45",29.4,29.7,29.8,29.8,29.8,"","1","","0","",29.7,"20354B-5"
222.463657407407,0.0919807309111223,0.999630966740362,0,222.466087962963,"21541B",5,"QURU","QUERCUS",4.68,29.1,9.62,NA,19.48,0.8,"8/11/2022","12:07:10",29.6,29.8,29.9,30,30,"5.3","0","","0","",29.86,"21541B-5"
222.466666666667,0.136194349832955,0.999763503118952,0,222.469097222222,"21541B",2,"QURU","QUERCUS",4.67,27.6,20.69,NA,6.91,0.3,"8/11/2022","12:11:30",29.7,29.7,29.8,29.8,29.9,"5.3","0","","1","",29.78,"21541B-2"
222.469675925926,0.146231433895019,0.999849246835481,0,222.472106481481,"21541A",4,"QURU","QUERCUS",4.68,28.2,10.01,NA,18.19,0.77,"8/11/2022","12:15:50",29.6,29.6,29.7,29.7,29.8,"4.2","1","","0","",29.68,"21541A-4"
222.472685185185,0.189031989617852,0.999852571845314,0,222.475115740741,"21541A",5,"QURU","QUERCUS",4.68,28.09,11.66,NA,16.43,0.7,"8/11/2022","12:20:10",29.4,29.1,29.3,29.5,29.6,"4.2","1","","0","",29.38,"21541A-5"
222.475752314815,0.0870687493294089,0.999413452480023,0,222.47818287037,"20260A",2,"COFL2","COFL2",4.65,20.61,13.59,NA,7.02,0.44,"8/11/2022","12:24:35",29.5,29.5,29.7,29.7,29.7,"1.3 (3 to 2), 2.5 (3 to 5)","0","n","0","",29.62,"20260A-2"
222.478819444444,0.102087363858714,0.999618814203544,0,222.48125,"20260A",5,"COFL2","COFL2",4.68,29.84,11.71,NA,18.13,0.72,"8/11/2022","12:29:00",29.3,29.1,29.2,29.4,29.4,"1.3 (3 to 2), 2.5 (3 to 5)","0","","0","",29.28,"20260A-5"
222.481828703704,0.339883722941568,0.99994467985623,0,222.484259259259,"20260A",3,"COFL2","COFL2",4.66,28.47,11.98,NA,16.49,0.69,"8/11/2022","12:33:20",29.4,29.5,29.5,29.6,29.6,"1.3 (3 to 2), 2.5 (3 to 5)","0","","0","",29.52,"20260A-3"
